               epoch,      train/box_loss,      train/obj_loss,      train/cls_loss,   metrics/precision,      metrics/recall,     metrics/mAP_0.5,metrics/mAP_0.5:0.95,        val/box_loss,        val/obj_loss,        val/cls_loss,               x/lr0,               x/lr1,               x/lr2
0,0.055167,0.041647,0.035833,0.44005,0.47004,0.26503,0.15399,0.024289,0.0048671,0.024328,0.070053,0.0033274,0.0033274
1,0.036411,0.033317,0.030685,0.40237,0.48101,0.39878,0.19185,0.026424,0.0049895,0.018302,0.04005,0.0066575,0.0066575
2,0.033173,0.032077,0.028121,0.45789,0.47675,0.4886,0.27698,0.025515,0.0052813,0.015626,0.010043,0.0099842,0.0099842
3,0.030772,0.03225,0.026763,0.55366,0.44096,0.4603,0.21393,0.027954,0.0064922,0.014099,0.0099851,0.0099851,0.0099851
4,0.028615,0.030739,0.025421,0.67921,0.5765,0.65717,0.36602,0.024563,0.0051992,0.011327,0.0099851,0.0099851,0.0099851
5,0.026884,0.029758,0.024074,0.6031,0.58871,0.59953,0.30793,0.023942,0.0054054,0.010862,0.0099802,0.0099802,0.0099802
6,0.026153,0.029131,0.022726,0.6301,0.5644,0.60087,0.35606,0.02365,0.0054249,0.011028,0.0099753,0.0099753,0.0099753
7,0.025323,0.028324,0.022028,0.72608,0.5512,0.62583,0.35421,0.022733,0.0054354,0.012657,0.0099703,0.0099703,0.0099703
8,0.024683,0.028124,0.021539,0.6805,0.65957,0.7009,0.36209,0.023587,0.0051315,0.0089645,0.0099654,0.0099654,0.0099654
9,0.024264,0.027438,0.021002,0.69443,0.63177,0.68136,0.3654,0.02336,0.0053301,0.0088103,0.0099604,0.0099604,0.0099604
10,0.02391,0.027079,0.020316,0.61713,0.65622,0.65247,0.36907,0.023119,0.0054244,0.0084907,0.0099555,0.0099555,0.0099555
11,0.023711,0.026775,0.019788,0.74565,0.667,0.748,0.47191,0.021122,0.0048495,0.0070148,0.0099505,0.0099505,0.0099505
12,0.023368,0.026309,0.019574,0.72804,0.70743,0.76867,0.47982,0.021274,0.0046605,0.006996,0.0099456,0.0099456,0.0099456
13,0.023151,0.026168,0.019181,0.78277,0.7503,0.79557,0.47892,0.021851,0.0045499,0.0065806,0.0099406,0.0099406,0.0099406
14,0.023035,0.026016,0.018881,0.75695,0.76045,0.7794,0.46336,0.021575,0.0046557,0.0060942,0.0099357,0.0099357,0.0099357
15,0.022783,0.025964,0.018726,0.76532,0.71354,0.7916,0.48902,0.021209,0.0045652,0.0070426,0.0099307,0.0099307,0.0099307
16,0.022407,0.025663,0.017816,0.79049,0.67174,0.75163,0.44505,0.021669,0.0048685,0.0065659,0.0099258,0.0099258,0.0099258
17,0.022292,0.025296,0.017492,0.7376,0.71934,0.78023,0.47979,0.021113,0.0048837,0.0056519,0.0099208,0.0099208,0.0099208
18,0.022202,0.025223,0.017287,0.73815,0.7236,0.76503,0.4718,0.020691,0.0044308,0.0066545,0.0099159,0.0099159,0.0099159
19,0.021934,0.025236,0.016858,0.75681,0.68882,0.76719,0.46396,0.020894,0.0046404,0.006574,0.0099109,0.0099109,0.0099109
20,0.02155,0.024714,0.016437,0.82208,0.73709,0.84108,0.52831,0.019751,0.004545,0.005095,0.009906,0.009906,0.009906
21,0.021636,0.02448,0.016359,0.78922,0.72933,0.79807,0.5114,0.019455,0.0045693,0.0061824,0.009901,0.009901,0.009901
22,0.021595,0.024639,0.016511,0.81691,0.75487,0.82756,0.53164,0.019654,0.0044151,0.0052674,0.0098961,0.0098961,0.0098961
23,0.02137,0.024417,0.016393,0.77587,0.72608,0.81916,0.52505,0.020317,0.0045408,0.0053909,0.0098911,0.0098911,0.0098911
24,0.021389,0.024438,0.015886,0.80793,0.76688,0.83028,0.54021,0.01884,0.0044388,0.0049213,0.0098861,0.0098861,0.0098861
25,0.021227,0.024443,0.01568,0.81334,0.74197,0.83089,0.52641,0.019523,0.0045281,0.0058047,0.0098812,0.0098812,0.0098812
26,0.021249,0.024245,0.015494,0.82837,0.77849,0.84295,0.54942,0.019406,0.0043205,0.00496,0.0098763,0.0098763,0.0098763
27,0.020947,0.024237,0.015385,0.82646,0.77552,0.84895,0.548,0.019174,0.0043187,0.0045415,0.0098713,0.0098713,0.0098713
28,0.020767,0.023965,0.015421,0.85498,0.74851,0.85111,0.55207,0.019264,0.0042578,0.0047631,0.0098664,0.0098664,0.0098664
29,0.020921,0.023796,0.014796,0.84503,0.76409,0.84248,0.53054,0.018936,0.0043177,0.0050565,0.0098614,0.0098614,0.0098614
30,0.020973,0.023873,0.015235,0.84694,0.76569,0.85714,0.55788,0.019744,0.0041963,0.0041689,0.0098565,0.0098565,0.0098565
31,0.020822,0.023815,0.014992,0.82067,0.77774,0.86275,0.53853,0.020496,0.0042437,0.0046098,0.0098515,0.0098515,0.0098515
32,0.020799,0.023748,0.014393,0.85662,0.79762,0.86203,0.555,0.019576,0.0042652,0.003649,0.0098466,0.0098466,0.0098466
33,0.020256,0.023348,0.01439,0.84944,0.79439,0.88224,0.57754,0.019247,0.0040589,0.0036941,0.0098416,0.0098416,0.0098416
34,0.02056,0.023485,0.014157,0.8489,0.83744,0.86587,0.57287,0.018798,0.0039645,0.0041392,0.0098367,0.0098367,0.0098367
35,0.020322,0.023503,0.013898,0.81437,0.86074,0.89202,0.55589,0.019751,0.0041683,0.0038818,0.0098317,0.0098317,0.0098317
36,0.020516,0.023228,0.013866,0.84822,0.82065,0.88098,0.5795,0.01914,0.0040161,0.003734,0.0098268,0.0098268,0.0098268
37,0.020306,0.022836,0.014051,0.86523,0.80454,0.89584,0.60171,0.018816,0.0039687,0.0035641,0.0098218,0.0098218,0.0098218
38,0.020167,0.023138,0.013763,0.86926,0.83066,0.88304,0.60019,0.018159,0.0040055,0.0044077,0.0098169,0.0098169,0.0098169
39,0.020249,0.022952,0.013638,0.91618,0.784,0.90548,0.60619,0.018595,0.003975,0.003326,0.0098119,0.0098119,0.0098119
40,0.020087,0.022577,0.013447,0.8381,0.84829,0.89711,0.58959,0.018537,0.0039637,0.00376,0.009807,0.009807,0.009807
41,0.019882,0.022679,0.013374,0.86768,0.85377,0.90343,0.61514,0.018184,0.0038675,0.0040978,0.009802,0.009802,0.009802
42,0.020088,0.022773,0.013313,0.87116,0.83105,0.89968,0.61133,0.018059,0.003881,0.0035668,0.009797,0.009797,0.009797
43,0.0199,0.022912,0.013372,0.83493,0.84083,0.88899,0.60829,0.018555,0.0038,0.0036179,0.0097921,0.0097921,0.0097921
44,0.019861,0.022644,0.013273,0.8821,0.82135,0.9009,0.6095,0.017689,0.0038785,0.0032995,0.0097871,0.0097871,0.0097871
45,0.01971,0.022577,0.013124,0.90724,0.82559,0.91053,0.61903,0.018186,0.0039096,0.0030724,0.0097822,0.0097822,0.0097822
46,0.019856,0.022436,0.012834,0.83457,0.87059,0.9117,0.62419,0.018523,0.0038019,0.0036515,0.0097773,0.0097773,0.0097773
47,0.019644,0.022316,0.01287,0.87113,0.84157,0.90576,0.6149,0.01803,0.0039014,0.003466,0.0097723,0.0097723,0.0097723
48,0.019647,0.022351,0.012917,0.8522,0.85887,0.90839,0.6226,0.017471,0.0037076,0.0034439,0.0097674,0.0097674,0.0097674
49,0.01957,0.022276,0.012463,0.89357,0.82716,0.9104,0.63204,0.017452,0.0037166,0.0036959,0.0097624,0.0097624,0.0097624
50,0.019468,0.022342,0.01232,0.85604,0.86265,0.89791,0.61242,0.017715,0.003733,0.003756,0.0097575,0.0097575,0.0097575
51,0.019444,0.022202,0.012455,0.86083,0.86668,0.90982,0.61976,0.01797,0.0037403,0.0035051,0.0097525,0.0097525,0.0097525
52,0.019455,0.022132,0.012502,0.87166,0.87138,0.91356,0.63456,0.017738,0.0036508,0.0032465,0.0097476,0.0097476,0.0097476
53,0.019587,0.022344,0.012524,0.88652,0.85409,0.91283,0.63922,0.017607,0.0036989,0.0033614,0.0097426,0.0097426,0.0097426
54,0.019463,0.022015,0.012239,0.86277,0.83817,0.91234,0.64197,0.017336,0.0036568,0.0034181,0.0097377,0.0097377,0.0097377
55,0.019527,0.022162,0.012522,0.86599,0.8915,0.92028,0.63875,0.017382,0.0036484,0.0025333,0.0097327,0.0097327,0.0097327
56,0.019248,0.022092,0.012238,0.8867,0.87483,0.92705,0.64204,0.017368,0.0036323,0.0032514,0.0097278,0.0097278,0.0097278
57,0.019378,0.021954,0.011729,0.90436,0.84257,0.92605,0.63828,0.017712,0.0036492,0.0029677,0.0097228,0.0097228,0.0097228
58,0.019275,0.021798,0.012191,0.87913,0.87078,0.92911,0.64566,0.017439,0.0037001,0.0026869,0.0097179,0.0097179,0.0097179
59,0.01932,0.021843,0.011991,0.87199,0.87542,0.92063,0.63323,0.017579,0.003703,0.0027117,0.0097129,0.0097129,0.0097129
60,0.019202,0.021774,0.012033,0.90318,0.87359,0.92906,0.64904,0.017421,0.0037168,0.0025086,0.009708,0.009708,0.009708
61,0.019173,0.021829,0.011891,0.87412,0.87974,0.92795,0.65445,0.016889,0.0037448,0.0027061,0.009703,0.009703,0.009703
62,0.019095,0.021846,0.011866,0.90017,0.87272,0.93254,0.66149,0.016644,0.0035987,0.0022943,0.009698,0.009698,0.009698
63,0.018978,0.021582,0.011512,0.89728,0.86397,0.93351,0.66732,0.016702,0.0035709,0.0025734,0.0096931,0.0096931,0.0096931
64,0.019004,0.021579,0.011738,0.86999,0.89207,0.93159,0.66116,0.016841,0.0036055,0.0024358,0.0096881,0.0096881,0.0096881
65,0.019086,0.021821,0.011853,0.90981,0.89529,0.93226,0.65559,0.016683,0.0036087,0.0027403,0.0096832,0.0096832,0.0096832
66,0.019023,0.021415,0.011238,0.89425,0.90215,0.92845,0.66786,0.016275,0.0035213,0.0026596,0.0096783,0.0096783,0.0096783
67,0.019049,0.021423,0.011742,0.91161,0.88223,0.92682,0.66311,0.016377,0.0035236,0.0025366,0.0096733,0.0096733,0.0096733
68,0.019024,0.021812,0.011728,0.87022,0.90057,0.92949,0.66018,0.016391,0.0035431,0.0026491,0.0096684,0.0096684,0.0096684
69,0.018911,0.021499,0.011431,0.86265,0.91246,0.93457,0.66855,0.016493,0.0035519,0.00289,0.0096634,0.0096634,0.0096634
70,0.018857,0.021437,0.011526,0.90228,0.89614,0.94294,0.67364,0.016636,0.0035324,0.0024947,0.0096585,0.0096585,0.0096585
71,0.019054,0.02142,0.011421,0.8778,0.90267,0.93777,0.66858,0.016631,0.0035457,0.0027878,0.0096535,0.0096535,0.0096535
72,0.018746,0.021273,0.011075,0.89297,0.89683,0.94181,0.67547,0.016685,0.0034381,0.0025838,0.0096486,0.0096486,0.0096486
73,0.018791,0.021269,0.01103,0.89639,0.91474,0.94031,0.67004,0.016664,0.0034258,0.0025441,0.0096436,0.0096436,0.0096436
74,0.018864,0.021312,0.01157,0.90418,0.89856,0.94382,0.67228,0.016597,0.0034416,0.0024229,0.0096387,0.0096387,0.0096387
75,0.018792,0.021182,0.011123,0.89502,0.92885,0.94514,0.6715,0.016603,0.0034735,0.0023266,0.0096337,0.0096337,0.0096337
76,0.018679,0.021334,0.011051,0.87685,0.91112,0.94187,0.66291,0.016796,0.0035146,0.0026335,0.0096288,0.0096288,0.0096288
77,0.018731,0.021171,0.010783,0.90263,0.87034,0.93501,0.66259,0.016683,0.0035072,0.0025873,0.0096238,0.0096238,0.0096238
78,0.018788,0.02124,0.011019,0.88068,0.88807,0.93364,0.66417,0.016574,0.0034816,0.0028085,0.0096188,0.0096188,0.0096188
79,0.018782,0.021292,0.011113,0.8887,0.8984,0.93168,0.65872,0.01682,0.003499,0.0029037,0.0096139,0.0096139,0.0096139
80,0.01874,0.021293,0.010755,0.88676,0.90504,0.93366,0.66543,0.01688,0.0034574,0.0029146,0.009609,0.009609,0.009609
81,0.018725,0.021203,0.010797,0.89394,0.90136,0.93588,0.66859,0.016837,0.0034049,0.002768,0.009604,0.009604,0.009604
82,0.018661,0.021376,0.011118,0.91434,0.89426,0.93967,0.6809,0.016432,0.0033766,0.0027415,0.009599,0.009599,0.009599
83,0.018602,0.021143,0.010961,0.91333,0.89171,0.9421,0.67949,0.016508,0.0033751,0.0026221,0.0095941,0.0095941,0.0095941
84,0.018622,0.0212,0.011152,0.9439,0.88781,0.94672,0.68571,0.016589,0.0033696,0.0024387,0.0095892,0.0095892,0.0095892
85,0.018331,0.02098,0.010601,0.9177,0.91764,0.94632,0.68065,0.016575,0.0033727,0.0023219,0.0095842,0.0095842,0.0095842
86,0.01868,0.021311,0.011166,0.92388,0.90225,0.94461,0.67711,0.016669,0.0033938,0.0022423,0.0095793,0.0095793,0.0095793
87,0.018485,0.021047,0.010562,0.89677,0.92919,0.94457,0.67405,0.016815,0.0034239,0.0022084,0.0095743,0.0095743,0.0095743
88,0.018357,0.020722,0.010985,0.89088,0.9119,0.94446,0.67543,0.016741,0.0034123,0.002185,0.0095694,0.0095694,0.0095694
89,0.018332,0.020754,0.010712,0.91127,0.90065,0.94447,0.68488,0.016538,0.0033906,0.002143,0.0095644,0.0095644,0.0095644
90,0.018462,0.020846,0.010383,0.9236,0.88702,0.94475,0.68897,0.016429,0.0033852,0.0021741,0.0095595,0.0095595,0.0095595
91,0.018437,0.020936,0.010811,0.91678,0.90418,0.94322,0.69207,0.016327,0.0033673,0.0021953,0.0095545,0.0095545,0.0095545
92,0.018509,0.020931,0.010875,0.91591,0.91108,0.94402,0.69407,0.016252,0.0033473,0.0022273,0.0095496,0.0095496,0.0095496
93,0.018322,0.020735,0.010418,0.91702,0.91309,0.94661,0.69837,0.016137,0.0033309,0.0022089,0.0095446,0.0095446,0.0095446
94,0.018125,0.02075,0.010479,0.92106,0.91298,0.94707,0.70203,0.01606,0.0033318,0.0022456,0.0095397,0.0095397,0.0095397
95,0.018271,0.020767,0.010324,0.92038,0.90773,0.94683,0.70183,0.015992,0.0033402,0.0022781,0.0095347,0.0095347,0.0095347
96,0.018354,0.020744,0.010573,0.9226,0.90595,0.94818,0.70057,0.015961,0.0033465,0.002237,0.0095298,0.0095298,0.0095298
97,0.01822,0.02052,0.010397,0.92277,0.91186,0.94748,0.69781,0.016032,0.0033482,0.002266,0.0095248,0.0095248,0.0095248
98,0.018146,0.02051,0.01017,0.92271,0.91742,0.94786,0.69709,0.015974,0.0033511,0.0022752,0.0095198,0.0095198,0.0095198
99,0.018232,0.02046,0.0103,0.93208,0.91988,0.94815,0.69886,0.015933,0.00335,0.0022839,0.0095149,0.0095149,0.0095149
100,0.018195,0.020753,0.010592,0.93228,0.91823,0.95022,0.701,0.015892,0.003334,0.0021998,0.00951,0.00951,0.00951
101,0.018221,0.020532,0.010225,0.93367,0.91761,0.95026,0.69985,0.015886,0.0033263,0.0021694,0.009505,0.009505,0.009505
102,0.018118,0.020459,0.01035,0.93201,0.91722,0.95016,0.69828,0.015863,0.0033223,0.0021356,0.0095,0.0095,0.0095
103,0.018235,0.02059,0.010558,0.93456,0.91906,0.9503,0.69377,0.015749,0.0033298,0.0021162,0.0094951,0.0094951,0.0094951
104,0.018102,0.020341,0.010498,0.9348,0.92504,0.95014,0.69634,0.015651,0.0033266,0.0020994,0.0094902,0.0094902,0.0094902
105,0.018249,0.020565,0.010212,0.93691,0.92308,0.94937,0.69439,0.015605,0.0033266,0.0020907,0.0094852,0.0094852,0.0094852
106,0.018153,0.020458,0.010492,0.93549,0.92275,0.95092,0.69585,0.015542,0.0033278,0.0020833,0.0094803,0.0094803,0.0094803
107,0.018199,0.02065,0.010152,0.93631,0.91895,0.95064,0.69647,0.015535,0.0033353,0.00214,0.0094753,0.0094753,0.0094753
108,0.018105,0.020283,0.010035,0.92756,0.92006,0.94747,0.69456,0.015525,0.0033384,0.0021866,0.0094704,0.0094704,0.0094704
109,0.018108,0.020553,0.010145,0.93404,0.91989,0.94991,0.69595,0.015502,0.0033352,0.0022037,0.0094654,0.0094654,0.0094654
110,0.018283,0.020766,0.010024,0.93363,0.91915,0.9502,0.69709,0.015484,0.0033316,0.0022203,0.0094605,0.0094605,0.0094605
111,0.017928,0.020318,0.0098916,0.93292,0.91775,0.94911,0.69824,0.01547,0.0033255,0.0022398,0.0094555,0.0094555,0.0094555
112,0.018177,0.020375,0.0099836,0.92819,0.9204,0.94916,0.6968,0.015485,0.0033239,0.0022871,0.0094506,0.0094506,0.0094506
113,0.018173,0.020325,0.010332,0.9272,0.91589,0.94851,0.69497,0.015497,0.003317,0.0023504,0.0094456,0.0094456,0.0094456
114,0.017927,0.020312,0.010007,0.92392,0.91709,0.94813,0.69751,0.015488,0.0033123,0.002393,0.0094407,0.0094407,0.0094407
115,0.018002,0.020298,0.0097149,0.92636,0.91845,0.94965,0.69894,0.015475,0.0033037,0.0024176,0.0094357,0.0094357,0.0094357
116,0.017948,0.020431,0.0096374,0.92656,0.91938,0.95064,0.69962,0.015445,0.0032996,0.0024244,0.0094307,0.0094307,0.0094307
117,0.018067,0.020488,0.010108,0.91993,0.92102,0.94998,0.7013,0.015427,0.0033006,0.0024289,0.0094258,0.0094258,0.0094258
118,0.018065,0.020163,0.010033,0.92583,0.92563,0.95073,0.7013,0.015417,0.0033008,0.0024146,0.0094208,0.0094208,0.0094208
119,0.018089,0.020568,0.0099096,0.92486,0.92716,0.9498,0.70024,0.015388,0.0032972,0.0023979,0.0094159,0.0094159,0.0094159
120,0.018036,0.020495,0.0097007,0.92377,0.9283,0.94964,0.70127,0.015378,0.0032977,0.0023803,0.0094109,0.0094109,0.0094109
121,0.017811,0.020196,0.0098885,0.92168,0.93098,0.94995,0.70172,0.015346,0.0033034,0.0023486,0.009406,0.009406,0.009406
122,0.017904,0.020288,0.0095744,0.91958,0.93027,0.94907,0.70185,0.015317,0.0033053,0.002327,0.009401,0.009401,0.009401
123,0.017799,0.020107,0.0095722,0.9282,0.93005,0.94931,0.70189,0.015288,0.003305,0.0023165,0.0093961,0.0093961,0.0093961
124,0.017697,0.020248,0.0095451,0.93,0.9309,0.95138,0.7025,0.015269,0.0033057,0.0023072,0.0093912,0.0093912,0.0093912
125,0.018068,0.02035,0.0098962,0.93022,0.93044,0.95142,0.70266,0.015272,0.0033076,0.0022924,0.0093862,0.0093862,0.0093862
126,0.017753,0.020216,0.0097062,0.93128,0.93011,0.95173,0.70198,0.01527,0.0033079,0.0022818,0.0093813,0.0093813,0.0093813
127,0.017928,0.020228,0.0097902,0.93676,0.92983,0.95423,0.70487,0.01526,0.003306,0.0022622,0.0093763,0.0093763,0.0093763
128,0.017804,0.020247,0.0096742,0.93574,0.93023,0.95457,0.70592,0.015242,0.0033044,0.0022454,0.0093714,0.0093714,0.0093714
129,0.017791,0.020031,0.0097128,0.93763,0.9302,0.95437,0.70647,0.015233,0.0033043,0.0022446,0.0093664,0.0093664,0.0093664
130,0.017798,0.020346,0.0095426,0.93951,0.92611,0.95396,0.70606,0.01523,0.0033033,0.0022257,0.0093615,0.0093615,0.0093615
131,0.017836,0.019838,0.0095488,0.94081,0.9265,0.95439,0.70473,0.015228,0.0033029,0.0021988,0.0093565,0.0093565,0.0093565
132,0.017825,0.020149,0.0095332,0.94137,0.92514,0.95481,0.70492,0.015224,0.0033039,0.0021707,0.0093516,0.0093516,0.0093516
133,0.017743,0.020351,0.009658,0.94513,0.92428,0.9552,0.70547,0.01523,0.0033032,0.0021463,0.0093466,0.0093466,0.0093466
134,0.0178,0.019936,0.0098479,0.94545,0.92351,0.9556,0.70573,0.015225,0.0033033,0.0021329,0.0093416,0.0093416,0.0093416
135,0.017905,0.020054,0.0098172,0.93331,0.92765,0.95387,0.70359,0.015213,0.0033036,0.0021292,0.0093367,0.0093367,0.0093367
136,0.017754,0.02,0.0095914,0.93275,0.92868,0.95419,0.70307,0.015195,0.0033046,0.0021157,0.0093317,0.0093317,0.0093317
137,0.017849,0.01993,0.0093595,0.93256,0.93149,0.95375,0.70247,0.015181,0.0033035,0.0021031,0.0093268,0.0093268,0.0093268
138,0.017561,0.019763,0.0096913,0.93076,0.93252,0.95393,0.70335,0.015177,0.0033047,0.0020856,0.0093219,0.0093219,0.0093219
139,0.017696,0.019847,0.0097418,0.93037,0.93185,0.95367,0.70402,0.015177,0.0033051,0.0020812,0.0093169,0.0093169,0.0093169
140,0.017617,0.019766,0.009113,0.92994,0.93215,0.95387,0.70379,0.015178,0.003304,0.0020734,0.0093119,0.0093119,0.0093119
141,0.017682,0.020051,0.0094135,0.92875,0.93303,0.95394,0.704,0.015171,0.0033049,0.0020773,0.009307,0.009307,0.009307
142,0.017593,0.01978,0.0093205,0.92922,0.93309,0.95377,0.70245,0.015169,0.0033036,0.0020838,0.009302,0.009302,0.009302
143,0.017547,0.019853,0.0091172,0.92958,0.9327,0.9539,0.7032,0.015172,0.0033013,0.0020885,0.0092971,0.0092971,0.0092971
144,0.017567,0.019839,0.0093844,0.92996,0.93251,0.95391,0.70398,0.015182,0.0032989,0.0020875,0.0092922,0.0092922,0.0092922
145,0.017751,0.019866,0.0091389,0.92831,0.93624,0.95418,0.70596,0.015187,0.0032971,0.0020826,0.0092872,0.0092872,0.0092872
146,0.017547,0.019867,0.0095651,0.92633,0.93743,0.95393,0.70472,0.015194,0.0032959,0.0020754,0.0092823,0.0092823,0.0092823
147,0.017498,0.020055,0.0093526,0.92301,0.93835,0.95355,0.70399,0.015202,0.0032955,0.0020743,0.0092773,0.0092773,0.0092773
148,0.017473,0.019609,0.0096407,0.91734,0.93832,0.95259,0.70278,0.015197,0.0032939,0.0020726,0.0092724,0.0092724,0.0092724
149,0.017616,0.020056,0.0094621,0.91685,0.93831,0.95285,0.70345,0.015206,0.0032939,0.0020697,0.0092674,0.0092674,0.0092674
150,0.017549,0.019893,0.0094217,0.91638,0.9378,0.95274,0.70285,0.015218,0.0032936,0.0020704,0.0092625,0.0092625,0.0092625
151,0.017637,0.019778,0.0095107,0.91616,0.93763,0.95281,0.70301,0.015236,0.0032942,0.0020877,0.0092575,0.0092575,0.0092575
152,0.017667,0.019713,0.0095649,0.91695,0.93727,0.95247,0.70188,0.015242,0.0032937,0.0021033,0.0092526,0.0092526,0.0092526
153,0.017647,0.019861,0.0094424,0.91687,0.93666,0.95253,0.70125,0.015244,0.0032935,0.0021157,0.0092476,0.0092476,0.0092476
154,0.017601,0.019811,0.0094396,0.91674,0.93477,0.9524,0.70197,0.015241,0.0032931,0.0021183,0.0092426,0.0092426,0.0092426
155,0.01754,0.019594,0.0092243,0.92261,0.92725,0.95193,0.70197,0.015239,0.0032937,0.002117,0.0092377,0.0092377,0.0092377
156,0.017571,0.019824,0.0092962,0.92765,0.92766,0.95324,0.70316,0.015236,0.0032931,0.0021234,0.0092327,0.0092327,0.0092327
157,0.01754,0.01994,0.0091384,0.92742,0.92784,0.95308,0.69993,0.015248,0.0032949,0.002129,0.0092278,0.0092278,0.0092278
158,0.01767,0.019951,0.0091673,0.92806,0.92844,0.95273,0.7008,0.015237,0.0032944,0.0021285,0.0092229,0.0092229,0.0092229
159,0.017472,0.019656,0.009064,0.92789,0.92822,0.953,0.70088,0.015245,0.003295,0.0021271,0.0092179,0.0092179,0.0092179
160,0.017365,0.01969,0.0088478,0.92691,0.9292,0.95288,0.70243,0.015244,0.0032944,0.0021328,0.0092129,0.0092129,0.0092129
161,0.017423,0.019422,0.009253,0.92687,0.92942,0.95293,0.70242,0.015253,0.0032931,0.0021371,0.009208,0.009208,0.009208
162,0.01753,0.019662,0.0092745,0.92665,0.92998,0.95297,0.70187,0.015248,0.0032906,0.0021372,0.0092031,0.0092031,0.0092031
163,0.017199,0.019514,0.0090404,0.92725,0.92945,0.95379,0.70123,0.015241,0.0032877,0.0021377,0.0091981,0.0091981,0.0091981
164,0.017244,0.019458,0.0092124,0.92494,0.93093,0.95384,0.70135,0.015239,0.0032874,0.0021411,0.0091932,0.0091932,0.0091932
165,0.017529,0.019544,0.0089873,0.92568,0.93069,0.95415,0.70176,0.015233,0.0032866,0.0021387,0.0091882,0.0091882,0.0091882
166,0.017408,0.019778,0.0091434,0.92144,0.93388,0.95451,0.70014,0.015232,0.0032877,0.0021336,0.0091833,0.0091833,0.0091833
167,0.017456,0.019609,0.0093345,0.92269,0.93298,0.95482,0.69927,0.015236,0.0032865,0.0021346,0.0091783,0.0091783,0.0091783
168,0.017256,0.019498,0.0089775,0.92124,0.93399,0.95449,0.69905,0.015236,0.0032873,0.0021411,0.0091734,0.0091734,0.0091734
169,0.017321,0.019543,0.0090343,0.92227,0.93302,0.95481,0.69946,0.015238,0.003288,0.0021379,0.0091684,0.0091684,0.0091684
170,0.017258,0.01961,0.0092398,0.92559,0.93138,0.95452,0.6992,0.015235,0.0032904,0.0021371,0.0091635,0.0091635,0.0091635
171,0.017265,0.019525,0.0093596,0.9274,0.93107,0.95418,0.69979,0.015233,0.0032909,0.002134,0.0091585,0.0091585,0.0091585
172,0.017455,0.019432,0.0091934,0.92916,0.93293,0.95444,0.70028,0.015224,0.0032903,0.0021372,0.0091535,0.0091535,0.0091535
173,0.017327,0.019558,0.0093211,0.93059,0.93353,0.95458,0.70104,0.015218,0.0032901,0.0021429,0.0091486,0.0091486,0.0091486
174,0.017291,0.019527,0.0090703,0.93359,0.92908,0.95473,0.70098,0.015205,0.0032908,0.0021471,0.0091436,0.0091436,0.0091436
175,0.016991,0.019323,0.0088295,0.93252,0.93046,0.95473,0.70087,0.015199,0.0032916,0.0021519,0.0091387,0.0091387,0.0091387
176,0.017408,0.019626,0.0091008,0.93166,0.93301,0.95456,0.69877,0.015194,0.0032925,0.0021483,0.0091337,0.0091337,0.0091337
177,0.017258,0.019722,0.0090716,0.93094,0.93353,0.95572,0.69888,0.015188,0.0032926,0.0021388,0.0091288,0.0091288,0.0091288
178,0.017356,0.019429,0.009178,0.93069,0.93347,0.95581,0.69946,0.015185,0.0032933,0.002139,0.0091239,0.0091239,0.0091239
179,0.01727,0.019498,0.0089575,0.92802,0.93364,0.95595,0.69927,0.015184,0.0032926,0.002137,0.0091189,0.0091189,0.0091189
180,0.017287,0.019435,0.0088196,0.92992,0.93355,0.95592,0.69842,0.01519,0.0032929,0.0021307,0.0091139,0.0091139,0.0091139
181,0.017331,0.019552,0.0088012,0.93062,0.93338,0.95544,0.69825,0.015178,0.0032926,0.0021343,0.009109,0.009109,0.009109
182,0.017234,0.019375,0.0089304,0.93293,0.93213,0.95546,0.69827,0.015176,0.003292,0.002136,0.0091041,0.0091041,0.0091041
183,0.017332,0.019705,0.0089379,0.93302,0.93158,0.95508,0.69794,0.015167,0.0032914,0.002138,0.0090991,0.0090991,0.0090991
184,0.017104,0.019294,0.0089819,0.92731,0.93695,0.95528,0.69932,0.015161,0.0032922,0.0021416,0.0090942,0.0090942,0.0090942
185,0.017115,0.019531,0.0088779,0.92935,0.94856,0.95551,0.69986,0.015151,0.003292,0.0021456,0.0090892,0.0090892,0.0090892
186,0.017205,0.019544,0.0090107,0.9292,0.94865,0.95484,0.69899,0.015145,0.0032903,0.0021449,0.0090843,0.0090843,0.0090843
187,0.01721,0.01934,0.0088041,0.9291,0.94877,0.95489,0.69912,0.015133,0.0032892,0.0021423,0.0090793,0.0090793,0.0090793
188,0.017224,0.019443,0.0088341,0.92944,0.9488,0.95497,0.69812,0.015132,0.0032895,0.0021405,0.0090744,0.0090744,0.0090744
189,0.017037,0.019589,0.0087461,0.92955,0.94872,0.95514,0.69819,0.015143,0.0032897,0.0021419,0.0090694,0.0090694,0.0090694
190,0.017303,0.01966,0.0087566,0.92817,0.94768,0.95502,0.69776,0.015149,0.0032891,0.0021408,0.0090644,0.0090644,0.0090644
191,0.01723,0.019626,0.0089278,0.92811,0.94695,0.95482,0.69763,0.015152,0.0032873,0.002139,0.0090595,0.0090595,0.0090595
192,0.017291,0.019301,0.0088331,0.92625,0.94742,0.95386,0.69653,0.015165,0.0032877,0.0021395,0.0090545,0.0090545,0.0090545
193,0.017133,0.019251,0.0090166,0.92696,0.94975,0.95461,0.69714,0.015171,0.0032863,0.0021429,0.0090496,0.0090496,0.0090496
194,0.017384,0.019255,0.0091531,0.92458,0.94758,0.95434,0.69621,0.015177,0.0032856,0.0021418,0.0090446,0.0090446,0.0090446
195,0.017126,0.019284,0.0086373,0.92718,0.94853,0.95516,0.69672,0.015167,0.0032834,0.0021407,0.0090397,0.0090397,0.0090397
196,0.017114,0.019483,0.0090537,0.92836,0.94547,0.95519,0.69727,0.015168,0.0032836,0.0021378,0.0090347,0.0090347,0.0090347
197,0.01717,0.019431,0.0090194,0.92729,0.94692,0.95566,0.69746,0.015168,0.0032823,0.0021353,0.0090298,0.0090298,0.0090298
198,0.017058,0.019194,0.0086919,0.9293,0.94379,0.95618,0.69779,0.015161,0.0032813,0.0021354,0.0090248,0.0090248,0.0090248
199,0.017181,0.019305,0.0087454,0.92721,0.94377,0.95584,0.69663,0.015157,0.0032808,0.0021415,0.0090199,0.0090199,0.0090199
200,0.017104,0.01947,0.0085661,0.92845,0.942,0.95625,0.69698,0.015163,0.003279,0.0021475,0.0090149,0.0090149,0.0090149
201,0.017059,0.019201,0.0088277,0.93187,0.94136,0.9557,0.69522,0.015164,0.0032773,0.0021553,0.00901,0.00901,0.00901
202,0.017032,0.019344,0.0086566,0.93178,0.94125,0.95631,0.69766,0.015159,0.0032746,0.0021598,0.0090051,0.0090051,0.0090051
203,0.017243,0.019356,0.0088646,0.93153,0.94042,0.95623,0.69913,0.01516,0.0032733,0.0021641,0.0090001,0.0090001,0.0090001
204,0.017009,0.01929,0.0089223,0.93299,0.93971,0.95625,0.69719,0.015172,0.0032724,0.0021591,0.0089952,0.0089952,0.0089952
205,0.017164,0.019234,0.0087665,0.93298,0.93999,0.95641,0.69746,0.015175,0.0032719,0.0021552,0.0089902,0.0089902,0.0089902
206,0.017172,0.01918,0.0085444,0.93408,0.94134,0.95736,0.6994,0.015171,0.0032698,0.0021446,0.0089853,0.0089853,0.0089853
207,0.017141,0.019164,0.0087071,0.93377,0.94136,0.95768,0.69992,0.015169,0.0032665,0.002136,0.0089803,0.0089803,0.0089803
208,0.017105,0.019123,0.0083118,0.93297,0.94268,0.95784,0.70029,0.015165,0.0032644,0.0021253,0.0089753,0.0089753,0.0089753
209,0.017042,0.019317,0.0089361,0.93294,0.94234,0.95826,0.70027,0.015166,0.0032633,0.0021147,0.0089704,0.0089704,0.0089704
210,0.017327,0.019305,0.0086604,0.93206,0.94237,0.95847,0.70002,0.015158,0.003261,0.0021011,0.0089654,0.0089654,0.0089654
211,0.01701,0.019066,0.0086867,0.93313,0.9435,0.95806,0.70006,0.015155,0.0032584,0.0020901,0.0089605,0.0089605,0.0089605
212,0.017151,0.019322,0.0086141,0.9314,0.94421,0.9583,0.70247,0.015151,0.0032563,0.0020871,0.0089555,0.0089555,0.0089555
213,0.01692,0.01931,0.0088258,0.93131,0.94355,0.9583,0.70166,0.01515,0.0032548,0.0020875,0.0089506,0.0089506,0.0089506
214,0.017022,0.019018,0.0086281,0.9302,0.94286,0.95824,0.70226,0.015152,0.0032526,0.0020876,0.0089456,0.0089456,0.0089456
215,0.01707,0.019425,0.0087633,0.92945,0.94335,0.9581,0.70302,0.015158,0.0032513,0.0020853,0.0089407,0.0089407,0.0089407
216,0.016926,0.019224,0.0085579,0.92905,0.94397,0.95932,0.70324,0.015149,0.0032494,0.0020787,0.0089358,0.0089358,0.0089358
217,0.016838,0.019069,0.0084102,0.92813,0.94413,0.9598,0.70441,0.015146,0.0032484,0.0020713,0.0089308,0.0089308,0.0089308
218,0.017061,0.01916,0.0086555,0.92897,0.9443,0.95986,0.70481,0.015149,0.0032477,0.0020535,0.0089258,0.0089258,0.0089258
219,0.016872,0.018998,0.0084099,0.92842,0.94518,0.96032,0.70591,0.015157,0.0032473,0.002048,0.0089209,0.0089209,0.0089209
220,0.016966,0.019098,0.0086214,0.92993,0.94654,0.9608,0.70695,0.015142,0.0032459,0.0020346,0.0089159,0.0089159,0.0089159
221,0.016902,0.019251,0.0084565,0.93079,0.94771,0.96041,0.70608,0.015142,0.0032443,0.0020244,0.008911,0.008911,0.008911
222,0.017133,0.019046,0.0085918,0.93066,0.94775,0.96093,0.70589,0.015128,0.0032426,0.0020181,0.0089061,0.0089061,0.0089061
223,0.016884,0.019455,0.0087118,0.93065,0.94811,0.96052,0.70551,0.015121,0.0032422,0.0020105,0.0089011,0.0089011,0.0089011
224,0.01691,0.019123,0.0091175,0.93417,0.94393,0.96131,0.70605,0.015098,0.0032386,0.0020095,0.0088962,0.0088962,0.0088962
225,0.016759,0.019096,0.0086698,0.93351,0.94478,0.96137,0.70769,0.015086,0.0032383,0.0020092,0.0088912,0.0088912,0.0088912
226,0.01705,0.019258,0.0088148,0.93037,0.94668,0.96168,0.707,0.015082,0.0032362,0.0020161,0.0088863,0.0088863,0.0088863
227,0.017161,0.019095,0.0084357,0.92485,0.94513,0.96099,0.70541,0.015083,0.0032349,0.0020188,0.0088813,0.0088813,0.0088813
228,0.016981,0.018836,0.0081978,0.92732,0.94487,0.96109,0.70602,0.015063,0.0032319,0.0020179,0.0088763,0.0088763,0.0088763
229,0.016783,0.018989,0.0085841,0.93273,0.94055,0.96193,0.70536,0.015054,0.0032312,0.0020189,0.0088714,0.0088714,0.0088714
230,0.016916,0.01895,0.0083024,0.93217,0.94068,0.96173,0.70599,0.015041,0.00323,0.0020229,0.0088664,0.0088664,0.0088664
231,0.01685,0.019004,0.0082147,0.93304,0.94606,0.96131,0.70619,0.015028,0.0032277,0.0020285,0.0088615,0.0088615,0.0088615
232,0.01682,0.01895,0.0085302,0.93328,0.94554,0.96134,0.70579,0.015018,0.0032238,0.002024,0.0088565,0.0088565,0.0088565
233,0.016759,0.018862,0.0089231,0.93299,0.94596,0.9614,0.70509,0.015,0.0032239,0.0020264,0.0088516,0.0088516,0.0088516
234,0.017059,0.019093,0.0084991,0.93281,0.94697,0.96169,0.70468,0.014995,0.0032234,0.0020282,0.0088466,0.0088466,0.0088466
235,0.016821,0.018816,0.0080587,0.93189,0.94712,0.96182,0.70587,0.014996,0.0032242,0.0020266,0.0088417,0.0088417,0.0088417
236,0.016917,0.018905,0.008271,0.93153,0.94766,0.96191,0.70686,0.014986,0.0032224,0.0020307,0.0088368,0.0088368,0.0088368
237,0.01684,0.018993,0.0080838,0.93128,0.94763,0.96194,0.70602,0.014987,0.0032202,0.0020339,0.0088318,0.0088318,0.0088318
238,0.016844,0.019225,0.0083215,0.92402,0.95121,0.96206,0.70524,0.01498,0.0032202,0.002037,0.0088268,0.0088268,0.0088268
239,0.016885,0.019001,0.008647,0.92513,0.95078,0.96186,0.70578,0.014981,0.0032184,0.0020429,0.0088219,0.0088219,0.0088219
240,0.01689,0.019122,0.0082561,0.92516,0.95076,0.96169,0.70508,0.014986,0.0032181,0.0020504,0.008817,0.008817,0.008817
241,0.016712,0.018901,0.0083791,0.92764,0.95108,0.9617,0.7044,0.014989,0.0032177,0.0020565,0.008812,0.008812,0.008812
242,0.016846,0.018937,0.0085009,0.92781,0.9512,0.96098,0.70425,0.014987,0.003217,0.0020634,0.0088071,0.0088071,0.0088071
243,0.016939,0.019067,0.00869,0.92732,0.95079,0.96048,0.70464,0.014985,0.0032165,0.0020668,0.0088021,0.0088021,0.0088021
244,0.016581,0.01876,0.0084991,0.92804,0.95098,0.96018,0.70395,0.014981,0.003217,0.0020695,0.0087972,0.0087972,0.0087972
245,0.016783,0.019156,0.0081872,0.92747,0.9498,0.96011,0.70406,0.014982,0.003215,0.0020756,0.0087922,0.0087922,0.0087922
246,0.016826,0.01876,0.0084094,0.92541,0.94841,0.9592,0.70365,0.014988,0.0032146,0.002082,0.0087872,0.0087872,0.0087872
247,0.016766,0.018726,0.0084126,0.92602,0.94873,0.95912,0.70367,0.014976,0.0032126,0.0020878,0.0087823,0.0087823,0.0087823
248,0.016718,0.018782,0.0084007,0.92613,0.94798,0.95899,0.704,0.014969,0.0032091,0.0020968,0.0087774,0.0087774,0.0087774
249,0.016752,0.018843,0.0086027,0.92598,0.94857,0.95911,0.70408,0.014971,0.003207,0.0021009,0.0087724,0.0087724,0.0087724
250,0.017008,0.018843,0.00827,0.9358,0.93891,0.95845,0.70391,0.014974,0.0032074,0.0020992,0.0087674,0.0087674,0.0087674
251,0.016622,0.018916,0.0085724,0.93467,0.93862,0.95777,0.70345,0.014982,0.003207,0.0020935,0.0087625,0.0087625,0.0087625
252,0.016635,0.018914,0.0084434,0.93461,0.94241,0.95789,0.70423,0.014974,0.0032096,0.0020896,0.0087576,0.0087576,0.0087576
253,0.016691,0.018752,0.0079554,0.935,0.94393,0.95881,0.70378,0.014986,0.003208,0.0020841,0.0087526,0.0087526,0.0087526
254,0.016696,0.018833,0.0083266,0.94333,0.94158,0.95897,0.70317,0.014988,0.0032082,0.0020815,0.0087476,0.0087476,0.0087476
255,0.016736,0.019083,0.0080043,0.93726,0.94261,0.95892,0.70285,0.014983,0.003209,0.002079,0.0087427,0.0087427,0.0087427
256,0.016509,0.018759,0.0082477,0.93731,0.94326,0.95872,0.70276,0.014986,0.0032082,0.0020751,0.0087378,0.0087378,0.0087378
257,0.016715,0.018901,0.0082574,0.93723,0.94463,0.95944,0.70443,0.014978,0.0032063,0.0020695,0.0087328,0.0087328,0.0087328
258,0.016739,0.018874,0.0082779,0.93712,0.94499,0.95968,0.70477,0.014968,0.0032049,0.0020661,0.0087278,0.0087278,0.0087278
259,0.016738,0.018696,0.0084052,0.93667,0.94559,0.95971,0.70693,0.014959,0.0032043,0.0020601,0.0087229,0.0087229,0.0087229
260,0.016622,0.01897,0.0080264,0.93717,0.9448,0.95974,0.70616,0.014957,0.0032046,0.0020559,0.008718,0.008718,0.008718
261,0.0168,0.01884,0.0082524,0.93689,0.94437,0.95953,0.70611,0.014965,0.0032055,0.0020568,0.008713,0.008713,0.008713
262,0.016787,0.018735,0.0082111,0.93777,0.94565,0.95957,0.70496,0.014966,0.0032059,0.0020582,0.0087081,0.0087081,0.0087081
263,0.016632,0.018917,0.0080201,0.93901,0.94346,0.95974,0.7048,0.01498,0.0032053,0.0020538,0.0087031,0.0087031,0.0087031
264,0.016552,0.01882,0.0077898,0.93901,0.94323,0.9597,0.70511,0.014979,0.0032034,0.0020567,0.0086981,0.0086981,0.0086981
265,0.016717,0.018791,0.0081436,0.93915,0.94304,0.95981,0.70519,0.014986,0.0032022,0.0020511,0.0086932,0.0086932,0.0086932
266,0.016586,0.018521,0.0082862,0.93835,0.94307,0.95942,0.70495,0.014996,0.003201,0.0020527,0.0086882,0.0086882,0.0086882
267,0.016555,0.018714,0.0080796,0.93954,0.94275,0.95936,0.70429,0.014998,0.0032013,0.0020608,0.0086833,0.0086833,0.0086833
268,0.016755,0.018529,0.0084953,0.94443,0.94172,0.9591,0.70414,0.014994,0.0032002,0.0020713,0.0086783,0.0086783,0.0086783
269,0.016642,0.018599,0.0082482,0.9553,0.93585,0.95937,0.70441,0.014999,0.0031998,0.0020803,0.0086734,0.0086734,0.0086734
270,0.016753,0.018997,0.0082996,0.95627,0.93613,0.95944,0.70486,0.014998,0.0032006,0.0020821,0.0086684,0.0086684,0.0086684
271,0.01656,0.018678,0.0082571,0.95571,0.93519,0.95888,0.70479,0.014983,0.0032002,0.002085,0.0086635,0.0086635,0.0086635
272,0.016701,0.018766,0.0082225,0.94941,0.93055,0.95835,0.70388,0.01498,0.0031995,0.0020908,0.0086586,0.0086586,0.0086586
273,0.016609,0.018695,0.0079866,0.94944,0.93069,0.95837,0.70401,0.014976,0.0031999,0.0020926,0.0086536,0.0086536,0.0086536
274,0.016571,0.018685,0.0081925,0.94953,0.93081,0.95809,0.70419,0.01498,0.0031994,0.0020922,0.0086486,0.0086486,0.0086486
275,0.016632,0.01874,0.0081118,0.94902,0.9307,0.95772,0.70376,0.014992,0.0032013,0.002096,0.0086437,0.0086437,0.0086437
276,0.016714,0.018772,0.00838,0.94033,0.93586,0.95772,0.70338,0.014999,0.0032031,0.0020948,0.0086388,0.0086388,0.0086388
277,0.016627,0.018783,0.0079729,0.94173,0.93324,0.95791,0.70315,0.015016,0.0032056,0.0020947,0.0086338,0.0086338,0.0086338
278,0.01657,0.018812,0.008427,0.94276,0.9331,0.95826,0.7044,0.015023,0.0032067,0.0020929,0.0086288,0.0086288,0.0086288
279,0.016553,0.018857,0.0083062,0.94178,0.93339,0.95827,0.70382,0.015015,0.0032062,0.0020925,0.0086239,0.0086239,0.0086239
280,0.01657,0.018835,0.0081563,0.94132,0.93395,0.95823,0.70423,0.015012,0.0032069,0.0020941,0.008619,0.008619,0.008619
281,0.016551,0.01864,0.0076705,0.94359,0.93402,0.95797,0.70294,0.015019,0.0032049,0.002094,0.008614,0.008614,0.008614
282,0.016616,0.018719,0.0083306,0.94733,0.93552,0.95861,0.70354,0.015025,0.0032038,0.0020929,0.0086091,0.0086091,0.0086091
283,0.016499,0.018721,0.008031,0.94769,0.93338,0.95836,0.70294,0.015018,0.0032022,0.0020871,0.0086041,0.0086041,0.0086041
284,0.016495,0.018502,0.0081072,0.94761,0.93329,0.95891,0.70402,0.015008,0.0032008,0.0020808,0.0085992,0.0085992,0.0085992
285,0.016538,0.018773,0.007954,0.94764,0.93398,0.95921,0.70412,0.015011,0.0031997,0.0020804,0.0085942,0.0085942,0.0085942
286,0.016627,0.018613,0.0082391,0.94789,0.9339,0.95973,0.70274,0.015016,0.003199,0.0020711,0.0085893,0.0085893,0.0085893
287,0.016705,0.018657,0.0080991,0.947,0.93499,0.96,0.7028,0.015017,0.0031992,0.0020705,0.0085843,0.0085843,0.0085843
288,0.016557,0.018364,0.0080474,0.94761,0.93647,0.96038,0.70362,0.015023,0.0031994,0.0020664,0.0085793,0.0085793,0.0085793
289,0.01657,0.018604,0.0077365,0.94771,0.93693,0.9603,0.70362,0.015027,0.0031992,0.002063,0.0085744,0.0085744,0.0085744
290,0.016629,0.018546,0.0081011,0.94784,0.93726,0.96048,0.70413,0.015032,0.0031989,0.0020585,0.0085695,0.0085695,0.0085695
291,0.016505,0.018486,0.0077758,0.94803,0.93726,0.96046,0.7046,0.015031,0.0031981,0.0020538,0.0085645,0.0085645,0.0085645
292,0.01665,0.018586,0.0078996,0.94654,0.93747,0.96082,0.70489,0.015043,0.0031985,0.002047,0.0085596,0.0085596,0.0085596
293,0.016644,0.018799,0.0082851,0.94452,0.93749,0.96074,0.70506,0.015049,0.0031993,0.0020401,0.0085546,0.0085546,0.0085546
294,0.016431,0.01879,0.00805,0.94526,0.9376,0.96193,0.70556,0.015056,0.0032008,0.0020355,0.0085497,0.0085497,0.0085497
295,0.016348,0.018617,0.0082462,0.94998,0.93426,0.96172,0.70408,0.015057,0.0031994,0.0020325,0.0085447,0.0085447,0.0085447
296,0.016423,0.018406,0.0079522,0.94986,0.93521,0.96208,0.70479,0.015053,0.0031979,0.0020225,0.0085398,0.0085398,0.0085398
297,0.016502,0.018777,0.0081601,0.94981,0.9348,0.96229,0.70552,0.015054,0.0031964,0.0020174,0.0085348,0.0085348,0.0085348
298,0.016549,0.018566,0.0079433,0.95018,0.93482,0.96241,0.70502,0.015054,0.0031958,0.0020112,0.0085299,0.0085299,0.0085299
299,0.016466,0.018389,0.0078638,0.94975,0.93464,0.96249,0.70488,0.015045,0.0031952,0.0020017,0.0085249,0.0085249,0.0085249
300,0.016455,0.018676,0.0080005,0.94974,0.93412,0.9631,0.70596,0.015048,0.0031975,0.0019979,0.00852,0.00852,0.00852
301,0.016509,0.018452,0.0079203,0.95026,0.93576,0.96327,0.70575,0.015056,0.0031974,0.0019912,0.008515,0.008515,0.008515
302,0.016582,0.018398,0.0081252,0.9501,0.93488,0.96329,0.70563,0.015077,0.0031988,0.0019904,0.00851,0.00851,0.00851
303,0.016334,0.018504,0.007971,0.94969,0.93436,0.96329,0.7054,0.015082,0.0032002,0.0019857,0.0085051,0.0085051,0.0085051
304,0.016517,0.018291,0.0079553,0.94987,0.93516,0.96325,0.70527,0.015089,0.0032005,0.0019859,0.0085002,0.0085002,0.0085002
305,0.016531,0.018608,0.0082526,0.94759,0.93505,0.96336,0.70622,0.015102,0.0032005,0.0019872,0.0084952,0.0084952,0.0084952
306,0.016515,0.018663,0.0078288,0.94783,0.93437,0.96293,0.70391,0.015118,0.003203,0.0019783,0.0084903,0.0084903,0.0084903
307,0.016618,0.018543,0.0078184,0.94784,0.93659,0.96295,0.70454,0.015127,0.0032034,0.0019728,0.0084853,0.0084853,0.0084853
308,0.016499,0.018684,0.0077181,0.94835,0.93701,0.96363,0.70567,0.015132,0.0032039,0.0019717,0.0084803,0.0084803,0.0084803
309,0.016505,0.018448,0.0078311,0.94774,0.93654,0.96374,0.70578,0.015141,0.0032043,0.0019696,0.0084754,0.0084754,0.0084754
310,0.016319,0.01846,0.0081875,0.94614,0.93477,0.96338,0.70545,0.01515,0.0032039,0.0019629,0.0084705,0.0084705,0.0084705
311,0.016391,0.018628,0.007784,0.94552,0.93393,0.96352,0.70569,0.015155,0.0032055,0.0019576,0.0084655,0.0084655,0.0084655
312,0.016341,0.018241,0.007595,0.94562,0.93461,0.96348,0.70566,0.015161,0.0032061,0.001959,0.0084606,0.0084606,0.0084606
313,0.016353,0.018577,0.0080526,0.9432,0.9339,0.96356,0.70543,0.015162,0.0032067,0.0019604,0.0084556,0.0084556,0.0084556
314,0.016422,0.018484,0.0080358,0.94332,0.93392,0.96348,0.70507,0.015182,0.0032106,0.0019584,0.0084507,0.0084507,0.0084507
315,0.016195,0.018329,0.0080105,0.94116,0.9341,0.96344,0.70454,0.015186,0.003212,0.0019604,0.0084457,0.0084457,0.0084457
316,0.016345,0.018502,0.0079352,0.9354,0.94051,0.9635,0.70396,0.015188,0.0032139,0.0019546,0.0084408,0.0084408,0.0084408
317,0.016357,0.018548,0.0078886,0.931,0.9469,0.9636,0.7042,0.015183,0.0032144,0.0019483,0.0084358,0.0084358,0.0084358
318,0.016225,0.018388,0.0079655,0.93083,0.9458,0.96346,0.70451,0.015187,0.0032141,0.0019414,0.0084309,0.0084309,0.0084309
319,0.016317,0.01832,0.0077382,0.93933,0.93646,0.96384,0.70501,0.015185,0.0032151,0.0019276,0.0084259,0.0084259,0.0084259
320,0.016263,0.018265,0.0076794,0.93963,0.93646,0.96388,0.70483,0.015185,0.0032154,0.0019188,0.0084209,0.0084209,0.0084209
321,0.01655,0.018338,0.0081023,0.93192,0.9438,0.96409,0.70598,0.015178,0.0032151,0.0019117,0.008416,0.008416,0.008416
322,0.0163,0.018025,0.0080866,0.9336,0.9438,0.96418,0.70658,0.015182,0.0032152,0.0019038,0.008411,0.008411,0.008411
323,0.01633,0.018491,0.0076616,0.93276,0.94324,0.96461,0.7074,0.015173,0.003214,0.0018947,0.0084061,0.0084061,0.0084061
324,0.016392,0.018588,0.0079213,0.93392,0.94441,0.9647,0.70773,0.015168,0.0032138,0.0018892,0.0084012,0.0084012,0.0084012
325,0.016371,0.01843,0.0083484,0.9326,0.94383,0.96483,0.70835,0.015157,0.0032135,0.0018929,0.0083962,0.0083962,0.0083962
326,0.016331,0.018308,0.0082004,0.93328,0.94399,0.96509,0.70849,0.015144,0.0032126,0.0018885,0.0083913,0.0083913,0.0083913
327,0.01625,0.01833,0.0077565,0.94162,0.93807,0.96457,0.70705,0.015137,0.0032127,0.0018884,0.0083863,0.0083863,0.0083863
328,0.016446,0.018305,0.0076758,0.94234,0.93795,0.96499,0.70688,0.015138,0.0032126,0.0018804,0.0083814,0.0083814,0.0083814
329,0.016231,0.018393,0.0077836,0.93976,0.94164,0.96519,0.70658,0.015142,0.0032122,0.0018728,0.0083764,0.0083764,0.0083764
330,0.016247,0.018523,0.0078056,0.93882,0.94205,0.96533,0.70559,0.015135,0.0032123,0.0018727,0.0083715,0.0083715,0.0083715
331,0.016432,0.01843,0.0080102,0.93944,0.943,0.96589,0.70725,0.015142,0.0032143,0.0018785,0.0083665,0.0083665,0.0083665
332,0.016293,0.01848,0.0078275,0.93985,0.94213,0.96649,0.70803,0.01515,0.0032146,0.0018852,0.0083616,0.0083616,0.0083616
333,0.016258,0.018347,0.0075814,0.92689,0.95069,0.96639,0.70682,0.015156,0.003215,0.0018833,0.0083566,0.0083566,0.0083566
334,0.016405,0.018296,0.0077023,0.93457,0.94273,0.96672,0.7082,0.015156,0.003215,0.0018896,0.0083517,0.0083517,0.0083517
335,0.016257,0.018127,0.0077689,0.93473,0.94238,0.96724,0.70877,0.015157,0.0032172,0.001893,0.0083467,0.0083467,0.0083467
336,0.016267,0.018318,0.0077351,0.93481,0.94258,0.96716,0.70976,0.015147,0.0032163,0.0018943,0.0083418,0.0083418,0.0083418
337,0.016249,0.018147,0.0078568,0.9347,0.94411,0.96716,0.71062,0.015142,0.0032154,0.00189,0.0083368,0.0083368,0.0083368
338,0.016179,0.018232,0.0077644,0.93481,0.9443,0.96713,0.71074,0.015144,0.0032152,0.0018911,0.0083319,0.0083319,0.0083319
339,0.016143,0.018166,0.0075214,0.93462,0.94321,0.96717,0.70921,0.015138,0.0032164,0.0018837,0.0083269,0.0083269,0.0083269
340,0.01636,0.018482,0.0079495,0.93299,0.94239,0.96712,0.71006,0.015127,0.0032153,0.0018907,0.0083219,0.0083219,0.0083219
341,0.016247,0.018289,0.0078469,0.93281,0.94166,0.96699,0.70973,0.015124,0.003215,0.0018924,0.008317,0.008317,0.008317
342,0.016176,0.018134,0.0075375,0.93421,0.93926,0.96695,0.70957,0.015113,0.0032157,0.0018882,0.008312,0.008312,0.008312
343,0.016207,0.018215,0.0079925,0.94875,0.9272,0.96697,0.70988,0.015099,0.0032149,0.00188,0.0083071,0.0083071,0.0083071
344,0.016312,0.018194,0.0077534,0.9479,0.92863,0.96747,0.71118,0.015086,0.0032146,0.0018761,0.0083022,0.0083022,0.0083022
345,0.016215,0.018281,0.0079707,0.94475,0.93082,0.96703,0.71031,0.015081,0.0032152,0.0018722,0.0082972,0.0082972,0.0082972
346,0.01605,0.018138,0.0075033,0.94332,0.93116,0.96677,0.70963,0.015082,0.0032148,0.0018728,0.0082922,0.0082922,0.0082922
347,0.016465,0.018632,0.0079798,0.94397,0.93167,0.96661,0.70922,0.015069,0.0032145,0.0018755,0.0082873,0.0082873,0.0082873
348,0.016214,0.018428,0.0076256,0.9444,0.9326,0.96749,0.70851,0.015047,0.0032129,0.0018733,0.0082824,0.0082824,0.0082824
349,0.01613,0.018217,0.0076694,0.94437,0.93269,0.96709,0.70995,0.015025,0.0032119,0.0018769,0.0082774,0.0082774,0.0082774
350,0.016201,0.018118,0.0078813,0.94182,0.93602,0.96695,0.70904,0.015016,0.0032109,0.0018771,0.0082725,0.0082725,0.0082725
351,0.016088,0.018231,0.0072854,0.94014,0.93614,0.96706,0.70969,0.015001,0.0032088,0.0018809,0.0082675,0.0082675,0.0082675
352,0.016092,0.018098,0.0075961,0.94129,0.93439,0.96705,0.71035,0.014993,0.0032089,0.0018865,0.0082626,0.0082626,0.0082626
353,0.016162,0.018025,0.0077318,0.94779,0.93404,0.96694,0.70927,0.014976,0.003207,0.0018886,0.0082576,0.0082576,0.0082576
354,0.016252,0.018247,0.0075891,0.9425,0.93481,0.96688,0.70814,0.014957,0.0032047,0.001891,0.0082527,0.0082527,0.0082527
355,0.016125,0.018098,0.0076254,0.94409,0.94019,0.96679,0.70934,0.014959,0.003203,0.0018891,0.0082477,0.0082477,0.0082477
356,0.016303,0.018126,0.0078003,0.94446,0.94027,0.9669,0.7103,0.014951,0.0032025,0.001886,0.0082428,0.0082428,0.0082428
357,0.016235,0.01854,0.0077428,0.94525,0.94018,0.96666,0.71101,0.014946,0.0032002,0.0018894,0.0082378,0.0082378,0.0082378
358,0.016068,0.01828,0.0078896,0.9452,0.94045,0.96657,0.71067,0.014933,0.0031989,0.0018875,0.0082328,0.0082328,0.0082328
359,0.016128,0.018206,0.0074912,0.94561,0.94034,0.96656,0.71062,0.014923,0.0031985,0.0018915,0.0082279,0.0082279,0.0082279
360,0.016249,0.01841,0.0076871,0.94588,0.94032,0.96621,0.7104,0.014915,0.0031962,0.0018982,0.0082229,0.0082229,0.0082229
361,0.016114,0.018171,0.0077666,0.94588,0.94066,0.96581,0.71017,0.014909,0.0031947,0.001896,0.008218,0.008218,0.008218
362,0.016296,0.018252,0.0077246,0.94461,0.94939,0.96583,0.71094,0.014898,0.0031946,0.0018987,0.0082131,0.0082131,0.0082131
363,0.016192,0.018166,0.0077893,0.94575,0.95041,0.96588,0.71116,0.0149,0.0031931,0.0018939,0.0082081,0.0082081,0.0082081
364,0.016124,0.017938,0.0080771,0.94604,0.94997,0.96604,0.71126,0.014893,0.0031913,0.0018927,0.0082032,0.0082032,0.0082032
365,0.016209,0.018295,0.0077108,0.94756,0.94961,0.96576,0.71157,0.014883,0.0031879,0.001891,0.0081982,0.0081982,0.0081982
366,0.016148,0.018231,0.0079245,0.94762,0.9488,0.96605,0.71433,0.014865,0.0031855,0.0018957,0.0081932,0.0081932,0.0081932
367,0.016127,0.018343,0.0079203,0.94739,0.95019,0.96592,0.71587,0.014859,0.0031837,0.0018967,0.0081883,0.0081883,0.0081883
368,0.016096,0.018242,0.0075985,0.947,0.95208,0.96536,0.71639,0.014849,0.0031807,0.0018941,0.0081834,0.0081834,0.0081834
369,0.016133,0.018302,0.0078047,0.94679,0.95332,0.96525,0.7148,0.014842,0.0031798,0.0018943,0.0081784,0.0081784,0.0081784
370,0.016211,0.0181,0.0076735,0.94413,0.95296,0.96492,0.71478,0.01483,0.0031768,0.0018922,0.0081735,0.0081735,0.0081735
371,0.016282,0.017935,0.0076728,0.94325,0.9529,0.96474,0.71441,0.014825,0.0031753,0.0018942,0.0081685,0.0081685,0.0081685
372,0.016255,0.018239,0.0075177,0.94395,0.9529,0.96484,0.71381,0.014823,0.0031759,0.0018898,0.0081636,0.0081636,0.0081636
373,0.016158,0.018266,0.0075585,0.94382,0.95279,0.96461,0.71446,0.014813,0.0031736,0.0018866,0.0081586,0.0081586,0.0081586
374,0.016115,0.018042,0.0075876,0.94928,0.94998,0.96468,0.71516,0.014806,0.0031726,0.0018857,0.0081537,0.0081537,0.0081537
375,0.01609,0.018128,0.0074933,0.95582,0.94875,0.96437,0.71573,0.014798,0.003172,0.0018851,0.0081487,0.0081487,0.0081487
376,0.016157,0.018051,0.0074594,0.95194,0.94926,0.96439,0.71586,0.014792,0.0031734,0.0018856,0.0081437,0.0081437,0.0081437
377,0.016111,0.018207,0.00779,0.94165,0.95196,0.96385,0.7148,0.014779,0.0031712,0.001889,0.0081388,0.0081388,0.0081388
378,0.01599,0.018042,0.0073782,0.94096,0.95103,0.9635,0.71518,0.014771,0.0031694,0.001888,0.0081338,0.0081338,0.0081338
379,0.016037,0.018098,0.0074402,0.95575,0.94758,0.9638,0.7146,0.014767,0.0031693,0.0018894,0.0081289,0.0081289,0.0081289
380,0.016053,0.017766,0.0076034,0.95597,0.94765,0.96364,0.71457,0.014768,0.003168,0.0018903,0.0081239,0.0081239,0.0081239
381,0.016183,0.017944,0.0077828,0.94072,0.95118,0.96355,0.71371,0.014762,0.0031677,0.0018873,0.008119,0.008119,0.008119
382,0.016117,0.018313,0.0076589,0.9405,0.95133,0.96358,0.71428,0.014757,0.003166,0.0018884,0.0081141,0.0081141,0.0081141
383,0.016222,0.018062,0.0076532,0.93923,0.95124,0.96359,0.71356,0.014757,0.0031649,0.0018931,0.0081091,0.0081091,0.0081091
384,0.016189,0.018106,0.0074357,0.93926,0.95099,0.9636,0.71326,0.014753,0.0031632,0.0018953,0.0081042,0.0081042,0.0081042
385,0.015912,0.018044,0.0077212,0.9396,0.9517,0.96331,0.71252,0.014754,0.0031626,0.001903,0.0080992,0.0080992,0.0080992
386,0.016065,0.01816,0.0075359,0.93916,0.95119,0.96333,0.71191,0.014755,0.0031634,0.0019104,0.0080942,0.0080942,0.0080942
387,0.016049,0.018077,0.007688,0.9393,0.95093,0.96333,0.71192,0.014753,0.003166,0.001912,0.0080893,0.0080893,0.0080893
388,0.01581,0.018146,0.0075304,0.93951,0.95209,0.96362,0.71211,0.01475,0.003166,0.001917,0.0080844,0.0080844,0.0080844
389,0.016062,0.017993,0.0077443,0.93831,0.95247,0.96372,0.71222,0.01474,0.0031674,0.0019266,0.0080794,0.0080794,0.0080794
390,0.015958,0.018065,0.0072746,0.93965,0.95255,0.96369,0.71085,0.014742,0.0031681,0.0019316,0.0080745,0.0080745,0.0080745
391,0.016009,0.018076,0.0074876,0.9406,0.95276,0.96364,0.70999,0.014744,0.0031689,0.0019402,0.0080695,0.0080695,0.0080695
392,0.016072,0.018066,0.0073845,0.9436,0.95244,0.96374,0.70992,0.014741,0.0031699,0.0019453,0.0080646,0.0080646,0.0080646
393,0.016099,0.018055,0.0076703,0.94436,0.95223,0.96288,0.70917,0.014742,0.0031726,0.0019638,0.0080596,0.0080596,0.0080596
394,0.016086,0.018178,0.0079228,0.94424,0.9503,0.96274,0.70975,0.014731,0.0031728,0.0019702,0.0080547,0.0080547,0.0080547
395,0.016086,0.01791,0.0074549,0.94419,0.94997,0.96259,0.70904,0.014723,0.0031736,0.0019736,0.0080497,0.0080497,0.0080497
396,0.016125,0.018231,0.007669,0.94419,0.94967,0.96255,0.70897,0.014709,0.0031729,0.0019797,0.0080447,0.0080447,0.0080447
397,0.015948,0.017946,0.0076325,0.94364,0.94976,0.96244,0.70775,0.014697,0.0031744,0.0019826,0.0080398,0.0080398,0.0080398
398,0.016019,0.017971,0.007427,0.94362,0.9489,0.96238,0.70804,0.01469,0.0031735,0.0019867,0.0080348,0.0080348,0.0080348
399,0.015862,0.018182,0.0075102,0.94453,0.9489,0.96228,0.71026,0.014694,0.0031753,0.0019979,0.0080299,0.0080299,0.0080299
400,0.016147,0.017953,0.0073744,0.94457,0.94814,0.9624,0.70979,0.014687,0.0031755,0.0020106,0.0080249,0.0080249,0.0080249
401,0.015972,0.017822,0.0074887,0.94419,0.94851,0.9632,0.70929,0.014678,0.0031759,0.0020151,0.00802,0.00802,0.00802
402,0.016108,0.017817,0.0075143,0.94532,0.94819,0.96327,0.71021,0.014673,0.0031754,0.0020191,0.0080151,0.0080151,0.0080151
403,0.015895,0.018064,0.0075857,0.9474,0.94809,0.96336,0.70987,0.014658,0.003177,0.0020198,0.0080101,0.0080101,0.0080101
404,0.015863,0.017859,0.0074838,0.94863,0.94807,0.96335,0.70959,0.014661,0.003176,0.0020203,0.0080051,0.0080051,0.0080051
405,0.015894,0.01811,0.0074527,0.94943,0.94801,0.96351,0.7093,0.014652,0.0031754,0.0020221,0.0080002,0.0080002,0.0080002
406,0.015985,0.018062,0.0076558,0.95013,0.94791,0.9635,0.7093,0.014649,0.0031741,0.0020239,0.0079953,0.0079953,0.0079953
407,0.01595,0.017733,0.0072694,0.95029,0.94787,0.96405,0.70925,0.014647,0.0031727,0.0020204,0.0079903,0.0079903,0.0079903
408,0.015868,0.017966,0.0076833,0.95093,0.94778,0.96462,0.71034,0.014648,0.0031739,0.0020178,0.0079854,0.0079854,0.0079854
409,0.016114,0.018158,0.0077805,0.95028,0.94784,0.96456,0.70839,0.014645,0.0031714,0.0020218,0.0079804,0.0079804,0.0079804
410,0.016001,0.017822,0.0074785,0.95164,0.94859,0.96515,0.70923,0.014635,0.003168,0.0020234,0.0079755,0.0079755,0.0079755
411,0.015977,0.018047,0.0074013,0.95351,0.94901,0.96552,0.71069,0.014622,0.0031632,0.0020145,0.0079705,0.0079705,0.0079705
412,0.015831,0.018034,0.0076247,0.95384,0.94898,0.96609,0.71077,0.014623,0.003161,0.0020118,0.0079656,0.0079656,0.0079656
413,0.015976,0.017988,0.0072498,0.95269,0.94795,0.96619,0.71063,0.014624,0.0031577,0.002001,0.0079606,0.0079606,0.0079606
414,0.015875,0.018039,0.0073449,0.95305,0.94802,0.96634,0.71012,0.014625,0.0031561,0.0019979,0.0079556,0.0079556,0.0079556
415,0.015818,0.017932,0.0074275,0.95432,0.94897,0.96602,0.71108,0.014628,0.0031559,0.0020009,0.0079507,0.0079507,0.0079507
416,0.015895,0.017778,0.0071771,0.95272,0.94954,0.96626,0.71059,0.014629,0.0031548,0.0019988,0.0079457,0.0079457,0.0079457
417,0.015891,0.018041,0.0072395,0.95055,0.94969,0.96654,0.71087,0.014623,0.0031542,0.0019964,0.0079408,0.0079408,0.0079408
418,0.01591,0.017999,0.0072319,0.95059,0.94981,0.96672,0.71023,0.014627,0.0031514,0.0020038,0.0079358,0.0079358,0.0079358
419,0.016141,0.017935,0.0073666,0.95151,0.95015,0.96684,0.70965,0.014636,0.0031509,0.0020043,0.0079309,0.0079309,0.0079309
420,0.015851,0.017845,0.0073249,0.95085,0.95131,0.96694,0.7087,0.014646,0.0031506,0.0020066,0.0079259,0.0079259,0.0079259
421,0.015737,0.01776,0.0073741,0.95113,0.95119,0.96685,0.70877,0.014654,0.0031512,0.0020106,0.007921,0.007921,0.007921
422,0.015841,0.017807,0.007209,0.95215,0.95207,0.96689,0.71021,0.014653,0.0031497,0.0020126,0.0079161,0.0079161,0.0079161
423,0.015937,0.017833,0.0072035,0.95277,0.95195,0.96698,0.7094,0.014647,0.0031474,0.0020143,0.0079111,0.0079111,0.0079111
424,0.015786,0.017893,0.0075064,0.95249,0.9512,0.96752,0.70975,0.014647,0.0031449,0.0020187,0.0079061,0.0079061,0.0079061
425,0.015929,0.017815,0.0072676,0.95247,0.95126,0.96792,0.71089,0.014636,0.0031425,0.0020245,0.0079012,0.0079012,0.0079012
426,0.01585,0.017928,0.0074019,0.9525,0.94978,0.96757,0.71232,0.01464,0.0031418,0.0020305,0.0078963,0.0078963,0.0078963
427,0.015817,0.01765,0.0071826,0.95276,0.94916,0.96758,0.71143,0.014649,0.0031421,0.0020352,0.0078913,0.0078913,0.0078913
428,0.015893,0.017775,0.0072726,0.95357,0.95021,0.968,0.71247,0.014649,0.0031423,0.0020374,0.0078864,0.0078864,0.0078864
429,0.015759,0.017941,0.0071879,0.95298,0.95009,0.9682,0.71264,0.014647,0.0031419,0.0020303,0.0078814,0.0078814,0.0078814
430,0.015926,0.018029,0.0070155,0.95321,0.94938,0.96874,0.71231,0.014647,0.0031404,0.0020311,0.0078765,0.0078765,0.0078765
431,0.016018,0.018085,0.0074324,0.95315,0.94919,0.96885,0.71234,0.014649,0.0031415,0.0020313,0.0078715,0.0078715,0.0078715
432,0.015958,0.018011,0.0072761,0.95288,0.94957,0.96909,0.7127,0.014654,0.0031413,0.0020342,0.0078665,0.0078665,0.0078665
433,0.01602,0.017725,0.0074793,0.95294,0.95032,0.96993,0.71286,0.014667,0.0031429,0.0020349,0.0078616,0.0078616,0.0078616
434,0.015982,0.018017,0.0075191,0.95263,0.95054,0.97035,0.71526,0.014676,0.0031439,0.0020323,0.0078566,0.0078566,0.0078566
435,0.015775,0.017608,0.0071852,0.9521,0.95088,0.97033,0.71475,0.014675,0.0031442,0.0020306,0.0078517,0.0078517,0.0078517
436,0.015814,0.017848,0.0073933,0.95214,0.95121,0.97057,0.71628,0.014679,0.003144,0.0020291,0.0078467,0.0078467,0.0078467
437,0.015911,0.017712,0.0073285,0.95209,0.95262,0.97077,0.71694,0.014685,0.0031439,0.0020236,0.0078418,0.0078418,0.0078418
438,0.016012,0.018091,0.0074764,0.95181,0.95139,0.97108,0.7167,0.014693,0.0031424,0.0020237,0.0078368,0.0078368,0.0078368
439,0.016056,0.018113,0.0073832,0.95154,0.95129,0.97094,0.71718,0.014693,0.0031424,0.0020225,0.0078319,0.0078319,0.0078319
440,0.01597,0.017887,0.0075617,0.95099,0.95138,0.97112,0.71759,0.0147,0.003143,0.0020203,0.0078269,0.0078269,0.0078269
441,0.015838,0.017823,0.0075233,0.9517,0.9499,0.97107,0.71669,0.014708,0.0031425,0.0020204,0.007822,0.007822,0.007822
442,0.015842,0.017822,0.0076591,0.9514,0.95003,0.97106,0.71814,0.0147,0.0031408,0.0020171,0.0078171,0.0078171,0.0078171
443,0.015926,0.017893,0.007059,0.95201,0.95005,0.97153,0.7181,0.014698,0.0031395,0.002017,0.0078121,0.0078121,0.0078121
444,0.015843,0.017716,0.0074068,0.95225,0.94958,0.97169,0.718,0.014695,0.0031391,0.0020165,0.0078071,0.0078071,0.0078071
445,0.015905,0.017706,0.0071836,0.95217,0.94951,0.97159,0.71752,0.014693,0.0031387,0.0020225,0.0078022,0.0078022,0.0078022
446,0.015868,0.018026,0.0076588,0.95172,0.94998,0.97169,0.71789,0.014696,0.0031384,0.0020325,0.0077973,0.0077973,0.0077973
447,0.015845,0.017789,0.0073202,0.94931,0.9499,0.97155,0.71893,0.014698,0.0031384,0.0020338,0.0077923,0.0077923,0.0077923
448,0.015675,0.017832,0.0073256,0.95037,0.9489,0.97168,0.71638,0.014702,0.0031383,0.002035,0.0077873,0.0077873,0.0077873
449,0.015805,0.017792,0.0074346,0.95172,0.94872,0.97161,0.71577,0.014709,0.0031392,0.0020261,0.0077824,0.0077824,0.0077824
450,0.015893,0.01777,0.007189,0.95209,0.94847,0.97154,0.71423,0.014719,0.0031381,0.0020252,0.0077774,0.0077774,0.0077774
451,0.015819,0.017813,0.0069554,0.95194,0.94832,0.97169,0.71564,0.014715,0.0031362,0.002015,0.0077725,0.0077725,0.0077725
452,0.015733,0.017819,0.0071542,0.95223,0.94752,0.97161,0.717,0.014716,0.0031339,0.0020131,0.0077675,0.0077675,0.0077675
453,0.015747,0.017797,0.0073247,0.95275,0.94647,0.97222,0.71702,0.014709,0.0031321,0.0020078,0.0077626,0.0077626,0.0077626
454,0.01569,0.017656,0.0073094,0.95223,0.94875,0.97162,0.71676,0.014704,0.0031327,0.0020124,0.0077576,0.0077576,0.0077576
455,0.015918,0.017589,0.0075296,0.95244,0.94817,0.97156,0.71734,0.01471,0.0031332,0.0020195,0.0077527,0.0077527,0.0077527
456,0.01565,0.017715,0.006886,0.95247,0.94733,0.97145,0.71759,0.0147,0.0031324,0.0020227,0.0077478,0.0077478,0.0077478
457,0.015784,0.017811,0.0070527,0.95243,0.94782,0.97143,0.71669,0.014707,0.0031313,0.0020264,0.0077428,0.0077428,0.0077428
458,0.015727,0.017654,0.0074682,0.95275,0.9467,0.97168,0.71799,0.0147,0.0031288,0.0020309,0.0077378,0.0077378,0.0077378
459,0.015861,0.0178,0.0073323,0.9521,0.94789,0.9721,0.71792,0.0147,0.003127,0.0020302,0.0077329,0.0077329,0.0077329
460,0.015543,0.017693,0.0070957,0.95305,0.94667,0.97226,0.71815,0.014697,0.0031268,0.002028,0.0077279,0.0077279,0.0077279
461,0.015701,0.017986,0.0071726,0.95422,0.94624,0.97221,0.71781,0.014686,0.0031256,0.0020285,0.007723,0.007723,0.007723
462,0.01565,0.017537,0.0075829,0.95074,0.94821,0.97211,0.71806,0.014686,0.003126,0.0020295,0.007718,0.007718,0.007718
463,0.015604,0.017784,0.0069799,0.9503,0.94904,0.97209,0.71655,0.014683,0.0031256,0.0020278,0.0077131,0.0077131,0.0077131
464,0.015614,0.017589,0.0071617,0.94985,0.94917,0.97205,0.71609,0.014687,0.0031251,0.0020238,0.0077081,0.0077081,0.0077081
465,0.015856,0.017544,0.0070167,0.94973,0.94966,0.97195,0.71563,0.014687,0.003126,0.0020181,0.0077032,0.0077032,0.0077032
466,0.015699,0.017534,0.0071171,0.94962,0.95004,0.97192,0.71673,0.014684,0.0031272,0.0020216,0.0076983,0.0076983,0.0076983
467,0.015741,0.017598,0.0069727,0.95079,0.9495,0.97196,0.71645,0.014682,0.0031282,0.0020179,0.0076933,0.0076933,0.0076933
468,0.015795,0.017548,0.0070672,0.95137,0.94921,0.97242,0.71722,0.014679,0.0031273,0.0020168,0.0076883,0.0076883,0.0076883
469,0.015773,0.017768,0.0071161,0.95341,0.94716,0.97245,0.71797,0.014667,0.0031262,0.0020112,0.0076834,0.0076834,0.0076834
470,0.015669,0.017637,0.007033,0.95491,0.94872,0.97273,0.71746,0.014664,0.003125,0.0020103,0.0076785,0.0076785,0.0076785
471,0.015763,0.017613,0.0072705,0.95499,0.94919,0.97289,0.71785,0.014666,0.0031258,0.0020054,0.0076735,0.0076735,0.0076735
472,0.015616,0.017472,0.0073265,0.95519,0.94889,0.97297,0.71847,0.014674,0.0031255,0.0020035,0.0076685,0.0076685,0.0076685
473,0.015666,0.017609,0.0072599,0.95522,0.94906,0.97298,0.71797,0.014681,0.0031261,0.002002,0.0076636,0.0076636,0.0076636
474,0.015629,0.017856,0.0074134,0.95508,0.949,0.97303,0.71742,0.014688,0.0031269,0.0019993,0.0076587,0.0076587,0.0076587
475,0.01564,0.017561,0.0074246,0.95439,0.94907,0.97295,0.71642,0.01469,0.0031275,0.0020065,0.0076537,0.0076537,0.0076537
476,0.015599,0.017491,0.0071693,0.95456,0.94833,0.97281,0.71687,0.014681,0.0031272,0.0020132,0.0076488,0.0076488,0.0076488
477,0.015718,0.017666,0.0070883,0.95305,0.94547,0.97207,0.71795,0.014673,0.0031275,0.0020141,0.0076438,0.0076438,0.0076438
478,0.015719,0.017452,0.0070343,0.95277,0.9442,0.97201,0.71934,0.014672,0.003127,0.0020127,0.0076389,0.0076389,0.0076389
479,0.015653,0.017479,0.0071691,0.95309,0.94381,0.97171,0.71885,0.014655,0.0031261,0.002013,0.0076339,0.0076339,0.0076339
480,0.015609,0.017646,0.0070873,0.95317,0.94372,0.97166,0.71929,0.014647,0.003127,0.0020077,0.0076289,0.0076289,0.0076289
481,0.015772,0.017429,0.0072257,0.95389,0.9452,0.97175,0.72017,0.014645,0.0031266,0.0020086,0.007624,0.007624,0.007624
482,0.015742,0.017749,0.0070096,0.95269,0.94662,0.97167,0.7198,0.014634,0.0031253,0.0019986,0.0076191,0.0076191,0.0076191
483,0.015666,0.017659,0.007347,0.95261,0.94653,0.97157,0.72022,0.014623,0.003125,0.0019909,0.0076141,0.0076141,0.0076141
484,0.015772,0.017594,0.0071553,0.95134,0.9436,0.9714,0.71975,0.014608,0.0031262,0.0019862,0.0076092,0.0076092,0.0076092
485,0.015678,0.017727,0.0071164,0.94882,0.94648,0.97139,0.72016,0.014603,0.0031271,0.0019783,0.0076042,0.0076042,0.0076042
486,0.015731,0.01763,0.0070763,0.95038,0.9458,0.97171,0.72028,0.014594,0.0031278,0.0019694,0.0075993,0.0075993,0.0075993
487,0.015617,0.017899,0.006979,0.94632,0.94798,0.97182,0.72108,0.014581,0.003127,0.0019613,0.0075943,0.0075943,0.0075943
488,0.01578,0.017665,0.0071987,0.95296,0.94207,0.97186,0.72048,0.014568,0.0031268,0.0019545,0.0075893,0.0075893,0.0075893
489,0.01578,0.017614,0.0073021,0.95331,0.94236,0.97195,0.72094,0.014566,0.0031274,0.0019474,0.0075844,0.0075844,0.0075844
490,0.015651,0.017632,0.0069269,0.95916,0.9378,0.97197,0.72033,0.014555,0.0031268,0.0019477,0.0075795,0.0075795,0.0075795
491,0.01564,0.017551,0.0071252,0.95576,0.94106,0.972,0.7203,0.014551,0.003127,0.0019471,0.0075745,0.0075745,0.0075745
492,0.015686,0.017703,0.0071868,0.95635,0.9398,0.97183,0.72146,0.014552,0.0031277,0.0019454,0.0075695,0.0075695,0.0075695
493,0.015524,0.017444,0.0069814,0.95128,0.93866,0.97181,0.72006,0.014553,0.0031295,0.0019474,0.0075646,0.0075646,0.0075646
494,0.015759,0.017647,0.0071385,0.95175,0.93903,0.97189,0.71925,0.014555,0.0031311,0.0019437,0.0075597,0.0075597,0.0075597
495,0.015757,0.017499,0.0074345,0.95236,0.93945,0.97229,0.71837,0.014553,0.003132,0.0019461,0.0075547,0.0075547,0.0075547
496,0.015454,0.017468,0.0073161,0.95337,0.93979,0.97233,0.71909,0.01454,0.0031323,0.0019449,0.0075498,0.0075498,0.0075498
497,0.015414,0.017673,0.0070253,0.95491,0.93972,0.97229,0.71882,0.014531,0.0031329,0.0019425,0.0075448,0.0075448,0.0075448
498,0.015744,0.017593,0.0072109,0.95493,0.94047,0.97228,0.71904,0.014519,0.0031329,0.0019398,0.0075399,0.0075399,0.0075399
499,0.015588,0.017791,0.0070317,0.95514,0.94007,0.9723,0.71907,0.014503,0.0031324,0.0019372,0.0075349,0.0075349,0.0075349
500,0.015659,0.017773,0.0070118,0.95323,0.94257,0.97218,0.72019,0.014502,0.0031314,0.0019298,0.0075299,0.0075299,0.0075299
501,0.015335,0.017486,0.0068575,0.96016,0.94084,0.97221,0.71881,0.014488,0.0031301,0.0019255,0.007525,0.007525,0.007525
502,0.01568,0.017634,0.0071914,0.95864,0.94142,0.97225,0.71915,0.014469,0.0031277,0.0019174,0.0075201,0.0075201,0.0075201
503,0.015604,0.017507,0.0069072,0.95644,0.94202,0.97222,0.71978,0.014456,0.0031253,0.0019093,0.0075151,0.0075151,0.0075151
504,0.015545,0.017601,0.0069497,0.95678,0.94229,0.97231,0.7193,0.014446,0.003126,0.0019076,0.0075102,0.0075102,0.0075102
505,0.015556,0.017565,0.0072577,0.95742,0.94169,0.97249,0.72109,0.014437,0.0031253,0.0019025,0.0075052,0.0075052,0.0075052
506,0.015506,0.017583,0.0070341,0.95788,0.94178,0.97257,0.72004,0.014429,0.0031245,0.0018989,0.0075003,0.0075003,0.0075003
507,0.0156,0.017385,0.0070471,0.95734,0.94236,0.97264,0.72103,0.014424,0.0031245,0.0018973,0.0074953,0.0074953,0.0074953
508,0.015338,0.017731,0.0073092,0.95704,0.94211,0.97252,0.72064,0.014427,0.003123,0.001896,0.0074903,0.0074903,0.0074903
509,0.015517,0.017591,0.0073246,0.95908,0.94447,0.97293,0.7212,0.014412,0.0031236,0.0018906,0.0074854,0.0074854,0.0074854
510,0.015578,0.017483,0.0071115,0.95853,0.94515,0.97295,0.72096,0.014398,0.0031218,0.0018859,0.0074805,0.0074805,0.0074805
511,0.015352,0.017543,0.0069253,0.95903,0.94555,0.97297,0.72197,0.014398,0.0031227,0.0018847,0.0074755,0.0074755,0.0074755
512,0.015701,0.017498,0.0068372,0.95885,0.94555,0.9726,0.71923,0.014402,0.0031233,0.0018773,0.0074705,0.0074705,0.0074705
513,0.015572,0.017675,0.0072749,0.95877,0.94563,0.97257,0.71894,0.014399,0.0031247,0.0018718,0.0074656,0.0074656,0.0074656
514,0.015542,0.017499,0.0070026,0.9585,0.94578,0.97261,0.71841,0.014402,0.0031244,0.0018724,0.0074607,0.0074607,0.0074607
515,0.015486,0.01752,0.0070487,0.95763,0.94547,0.97296,0.71882,0.014404,0.003124,0.001875,0.0074557,0.0074557,0.0074557
516,0.015562,0.017383,0.0071427,0.95704,0.94511,0.97307,0.71895,0.01441,0.0031256,0.0018737,0.0074507,0.0074507,0.0074507
517,0.015485,0.017513,0.007034,0.95526,0.94824,0.97318,0.71789,0.014412,0.0031256,0.0018738,0.0074458,0.0074458,0.0074458
518,0.015418,0.017432,0.0068619,0.95693,0.94557,0.97309,0.71795,0.014412,0.0031249,0.0018694,0.0074408,0.0074408,0.0074408
519,0.015445,0.017548,0.006813,0.95683,0.94599,0.9731,0.71798,0.014415,0.0031255,0.0018686,0.0074359,0.0074359,0.0074359
520,0.015735,0.017666,0.0072127,0.9575,0.94651,0.97305,0.71866,0.014415,0.0031251,0.0018598,0.0074309,0.0074309,0.0074309
521,0.015749,0.01762,0.0071588,0.95811,0.94635,0.97343,0.7188,0.014419,0.0031262,0.00186,0.007426,0.007426,0.007426
522,0.015567,0.017447,0.0069196,0.95841,0.94668,0.97347,0.71987,0.014419,0.0031261,0.001858,0.0074211,0.0074211,0.0074211
523,0.015593,0.017665,0.0072222,0.95852,0.94682,0.97337,0.71837,0.014419,0.0031275,0.0018573,0.0074161,0.0074161,0.0074161
524,0.015584,0.017267,0.0073141,0.95854,0.94688,0.97305,0.71868,0.014419,0.0031281,0.0018559,0.0074112,0.0074112,0.0074112
525,0.015617,0.017539,0.0072013,0.9586,0.94687,0.97304,0.7206,0.014422,0.0031282,0.001855,0.0074062,0.0074062,0.0074062
526,0.015489,0.017387,0.007154,0.95866,0.94682,0.97303,0.72027,0.014424,0.0031282,0.0018538,0.0074013,0.0074013,0.0074013
527,0.015601,0.017502,0.0069024,0.95891,0.94638,0.97308,0.72001,0.01442,0.0031291,0.0018479,0.0073963,0.0073963,0.0073963
528,0.015592,0.017255,0.0071051,0.95883,0.94594,0.97299,0.7202,0.014428,0.0031311,0.0018469,0.0073913,0.0073913,0.0073913
529,0.015456,0.017221,0.0067865,0.95831,0.94611,0.97332,0.72076,0.014434,0.003132,0.0018416,0.0073864,0.0073864,0.0073864
530,0.015704,0.01757,0.0073497,0.95829,0.94625,0.97328,0.72042,0.01443,0.0031324,0.0018353,0.0073815,0.0073815,0.0073815
531,0.015587,0.01755,0.0070615,0.95858,0.94609,0.97331,0.72062,0.014415,0.0031307,0.0018313,0.0073765,0.0073765,0.0073765
532,0.015187,0.017434,0.0069458,0.95845,0.94663,0.97326,0.7206,0.014413,0.00313,0.0018249,0.0073715,0.0073715,0.0073715
533,0.015481,0.017477,0.0071967,0.95707,0.94421,0.97195,0.72083,0.014408,0.0031308,0.0018212,0.0073666,0.0073666,0.0073666
534,0.015559,0.017482,0.007003,0.95742,0.94409,0.97157,0.72053,0.014408,0.0031298,0.0018053,0.0073617,0.0073617,0.0073617
535,0.015402,0.017403,0.0068705,0.95725,0.94435,0.97156,0.72083,0.01441,0.0031298,0.0017974,0.0073567,0.0073567,0.0073567
536,0.015409,0.017331,0.0066682,0.95713,0.94459,0.97197,0.72121,0.014403,0.0031297,0.0017871,0.0073517,0.0073517,0.0073517
537,0.015385,0.017397,0.0065086,0.95697,0.94468,0.97192,0.72109,0.014413,0.0031306,0.0017818,0.0073468,0.0073468,0.0073468
538,0.015267,0.017074,0.0067733,0.95717,0.9456,0.97163,0.72226,0.014414,0.0031294,0.0017777,0.0073419,0.0073419,0.0073419
539,0.01543,0.01724,0.0068895,0.95734,0.94548,0.97194,0.72143,0.014418,0.0031284,0.0017783,0.0073369,0.0073369,0.0073369
540,0.015624,0.017649,0.0068973,0.95729,0.94567,0.97196,0.72058,0.014423,0.003128,0.0017774,0.0073319,0.0073319,0.0073319
541,0.015623,0.017483,0.0070777,0.95641,0.9455,0.97203,0.71991,0.014426,0.0031289,0.0017801,0.007327,0.007327,0.007327
542,0.015793,0.017474,0.0072375,0.95681,0.94557,0.97226,0.7202,0.014426,0.003128,0.0017829,0.0073221,0.0073221,0.0073221
543,0.015721,0.017337,0.0073631,0.95567,0.94587,0.97182,0.71913,0.014432,0.0031276,0.0017861,0.0073171,0.0073171,0.0073171
544,0.015671,0.017548,0.0069817,0.95662,0.94469,0.97137,0.71802,0.014436,0.003127,0.0017888,0.0073121,0.0073121,0.0073121
545,0.015547,0.017397,0.0069571,0.95643,0.94472,0.97117,0.71834,0.014437,0.0031275,0.0017932,0.0073072,0.0073072,0.0073072
546,0.015466,0.017454,0.0067329,0.95716,0.94321,0.97112,0.71826,0.014445,0.003128,0.0017997,0.0073023,0.0073023,0.0073023
547,0.015526,0.017347,0.0070321,0.9552,0.94504,0.97111,0.71663,0.014447,0.0031294,0.0017989,0.0072973,0.0072973,0.0072973
548,0.015515,0.017425,0.0071307,0.95651,0.94167,0.9714,0.7168,0.014451,0.0031306,0.001805,0.0072923,0.0072923,0.0072923
549,0.015459,0.017466,0.0072657,0.95466,0.94253,0.97095,0.71718,0.014451,0.0031312,0.0018145,0.0072874,0.0072874,0.0072874
550,0.015388,0.01744,0.0070073,0.95304,0.94371,0.9707,0.71707,0.014452,0.003132,0.0018223,0.0072825,0.0072825,0.0072825
551,0.015589,0.017369,0.0072202,0.95393,0.94435,0.97116,0.71684,0.014466,0.0031328,0.0018266,0.0072775,0.0072775,0.0072775
552,0.01551,0.017329,0.0066459,0.95373,0.94416,0.97085,0.71687,0.014491,0.0031326,0.0018294,0.0072725,0.0072725,0.0072725
553,0.015277,0.017262,0.006805,0.95184,0.94468,0.97098,0.7173,0.014505,0.0031322,0.0018303,0.0072676,0.0072676,0.0072676
554,0.015211,0.017085,0.0066813,0.95286,0.94599,0.97089,0.7177,0.014511,0.003132,0.0018368,0.0072627,0.0072627,0.0072627
555,0.015369,0.017185,0.0066676,0.95239,0.94796,0.97056,0.71666,0.014524,0.0031329,0.0018406,0.0072577,0.0072577,0.0072577
556,0.015287,0.017311,0.0069669,0.95058,0.94908,0.96999,0.71587,0.014532,0.0031336,0.0018458,0.0072527,0.0072527,0.0072527
557,0.015466,0.017336,0.0069918,0.95047,0.94865,0.96973,0.71434,0.014537,0.0031335,0.0018529,0.0072478,0.0072478,0.0072478
558,0.01549,0.017181,0.0070753,0.95141,0.94844,0.96963,0.71331,0.01455,0.0031339,0.0018581,0.0072429,0.0072429,0.0072429
559,0.01552,0.017416,0.0070216,0.95139,0.94737,0.96977,0.71281,0.014551,0.0031331,0.0018581,0.0072379,0.0072379,0.0072379
560,0.015269,0.01724,0.0070395,0.95205,0.9464,0.96973,0.71143,0.014563,0.0031325,0.0018661,0.0072329,0.0072329,0.0072329
561,0.015268,0.017339,0.0070998,0.95239,0.94579,0.96985,0.71287,0.014567,0.0031328,0.0018713,0.007228,0.007228,0.007228
562,0.015402,0.01735,0.0069463,0.95187,0.94604,0.9696,0.71258,0.014563,0.0031325,0.0018745,0.0072231,0.0072231,0.0072231
563,0.015438,0.017149,0.0068847,0.95162,0.94683,0.96972,0.7116,0.014561,0.0031331,0.0018783,0.0072181,0.0072181,0.0072181
564,0.015364,0.017376,0.0069013,0.94957,0.94644,0.96943,0.71178,0.014565,0.0031323,0.0018819,0.0072132,0.0072132,0.0072132
565,0.015505,0.017401,0.0069135,0.9491,0.94719,0.96961,0.71292,0.014568,0.0031325,0.00188,0.0072082,0.0072082,0.0072082
566,0.015496,0.017467,0.0069316,0.94904,0.94677,0.96943,0.71312,0.01456,0.0031333,0.0018802,0.0072033,0.0072033,0.0072033
567,0.015431,0.017255,0.0070995,0.94985,0.94634,0.96955,0.71363,0.014554,0.0031338,0.0018738,0.0071983,0.0071983,0.0071983
568,0.015361,0.017352,0.0069824,0.94945,0.94609,0.96952,0.71295,0.014546,0.003135,0.0018761,0.0071934,0.0071934,0.0071934
569,0.015464,0.017295,0.0068412,0.95018,0.94499,0.96937,0.71271,0.014541,0.0031353,0.0018752,0.0071884,0.0071884,0.0071884
570,0.015397,0.017079,0.0068711,0.94939,0.94522,0.96936,0.71423,0.014544,0.0031363,0.0018745,0.0071835,0.0071835,0.0071835
571,0.01543,0.017338,0.0070156,0.94965,0.94628,0.96933,0.71353,0.014545,0.0031359,0.0018761,0.0071785,0.0071785,0.0071785
572,0.015393,0.017188,0.0069383,0.95061,0.94521,0.96952,0.71437,0.014543,0.0031369,0.001878,0.0071736,0.0071736,0.0071736
573,0.015332,0.017345,0.0067735,0.96569,0.93351,0.96998,0.71426,0.014547,0.0031388,0.0018783,0.0071686,0.0071686,0.0071686
574,0.01534,0.01732,0.0068543,0.96665,0.93348,0.97003,0.71362,0.014554,0.0031381,0.0018714,0.0071637,0.0071637,0.0071637
575,0.0153,0.017282,0.0067384,0.96821,0.93507,0.97023,0.71416,0.014558,0.0031398,0.0018696,0.0071587,0.0071587,0.0071587
576,0.015324,0.017202,0.0069067,0.96777,0.93624,0.96998,0.71492,0.014556,0.0031409,0.0018708,0.0071538,0.0071538,0.0071538
577,0.015454,0.017138,0.0066078,0.96034,0.94183,0.97004,0.71393,0.014553,0.0031419,0.0018718,0.0071488,0.0071488,0.0071488
578,0.015284,0.01715,0.0068439,0.96148,0.94241,0.97043,0.71366,0.014555,0.0031418,0.0018703,0.0071439,0.0071439,0.0071439
579,0.015262,0.016995,0.0065333,0.96268,0.94473,0.97036,0.71382,0.014562,0.0031442,0.0018713,0.0071389,0.0071389,0.0071389
580,0.015217,0.017345,0.0064153,0.96256,0.94504,0.97027,0.71391,0.014562,0.0031438,0.0018702,0.007134,0.007134,0.007134
581,0.015161,0.017158,0.0065551,0.96369,0.9457,0.97206,0.71457,0.014555,0.0031441,0.0018727,0.007129,0.007129,0.007129
582,0.015201,0.017233,0.0067081,0.9633,0.94545,0.97204,0.71442,0.014555,0.0031447,0.0018727,0.0071241,0.0071241,0.0071241
583,0.015128,0.017304,0.0067879,0.96312,0.94563,0.97244,0.7148,0.014554,0.0031444,0.0018777,0.0071191,0.0071191,0.0071191
584,0.015252,0.017125,0.0067693,0.96131,0.94378,0.97052,0.71483,0.014558,0.0031462,0.0018815,0.0071142,0.0071142,0.0071142
585,0.015291,0.017192,0.0065353,0.96093,0.94428,0.97048,0.71485,0.014559,0.0031491,0.0018831,0.0071092,0.0071092,0.0071092
586,0.015246,0.017132,0.0069291,0.95952,0.94381,0.97036,0.71423,0.014561,0.0031497,0.00188,0.0071042,0.0071042,0.0071042
587,0.015215,0.017172,0.0066906,0.95944,0.94412,0.97041,0.71421,0.014553,0.0031506,0.0018733,0.0070993,0.0070993,0.0070993
588,0.015337,0.017215,0.0067857,0.96096,0.94512,0.97065,0.71481,0.01455,0.0031507,0.0018678,0.0070944,0.0070944,0.0070944
589,0.015443,0.017232,0.0069479,0.96204,0.94458,0.97047,0.71481,0.01455,0.0031519,0.0018638,0.0070894,0.0070894,0.0070894
590,0.015426,0.017202,0.0067743,0.96187,0.9438,0.97066,0.71563,0.014561,0.0031527,0.0018664,0.0070844,0.0070844,0.0070844
591,0.015337,0.016996,0.0069873,0.96171,0.94543,0.97257,0.71493,0.014561,0.0031531,0.0018735,0.0070795,0.0070795,0.0070795
592,0.015225,0.017119,0.0064668,0.96315,0.94603,0.97372,0.71578,0.014566,0.0031527,0.0018694,0.0070746,0.0070746,0.0070746
593,0.015171,0.017282,0.0067082,0.96503,0.94635,0.97383,0.71581,0.014557,0.0031513,0.0018666,0.0070696,0.0070696,0.0070696
594,0.015389,0.017204,0.0066455,0.96864,0.94676,0.9722,0.71512,0.014558,0.0031519,0.0018708,0.0070647,0.0070647,0.0070647
595,0.015079,0.017089,0.0062738,0.96558,0.94695,0.97206,0.71537,0.014551,0.0031519,0.0018733,0.0070597,0.0070597,0.0070597
596,0.015298,0.017017,0.0068159,0.96094,0.94708,0.97211,0.7177,0.014545,0.0031522,0.001875,0.0070547,0.0070547,0.0070547
597,0.015232,0.01728,0.0065644,0.96052,0.9476,0.97315,0.71854,0.014523,0.0031523,0.0018779,0.0070498,0.0070498,0.0070498
598,0.015309,0.017184,0.0066365,0.96071,0.94763,0.97322,0.7191,0.014508,0.0031519,0.0018793,0.0070449,0.0070449,0.0070449
599,0.015273,0.017024,0.0068449,0.9601,0.94631,0.9712,0.71848,0.014515,0.0031525,0.0018818,0.0070399,0.0070399,0.0070399
600,0.01527,0.017222,0.0070016,0.95833,0.94698,0.9713,0.71924,0.014524,0.0031532,0.001884,0.0070349,0.0070349,0.0070349
601,0.015187,0.017191,0.0067241,0.95902,0.94499,0.9715,0.71979,0.01452,0.0031523,0.0018835,0.00703,0.00703,0.00703
602,0.015298,0.017172,0.0064158,0.95807,0.94557,0.97332,0.72014,0.014524,0.0031529,0.0018791,0.0070251,0.0070251,0.0070251
603,0.015092,0.017045,0.0066447,0.9587,0.94703,0.97332,0.72071,0.014519,0.0031521,0.001879,0.0070201,0.0070201,0.0070201
604,0.0153,0.017162,0.0067057,0.95991,0.9479,0.97535,0.7224,0.014513,0.0031506,0.0018726,0.0070152,0.0070152,0.0070152
605,0.015404,0.01723,0.0065906,0.96219,0.94727,0.97535,0.72213,0.014513,0.0031514,0.0018675,0.0070102,0.0070102,0.0070102
606,0.015216,0.017045,0.006516,0.96252,0.94758,0.97521,0.72193,0.014512,0.0031493,0.0018597,0.0070053,0.0070053,0.0070053
607,0.01517,0.017231,0.0066879,0.97036,0.94298,0.97507,0.72162,0.014513,0.0031495,0.0018521,0.0070003,0.0070003,0.0070003
608,0.015289,0.017069,0.0066937,0.96986,0.94363,0.97515,0.7218,0.014519,0.003148,0.0018516,0.0069954,0.0069954,0.0069954
609,0.015382,0.017137,0.0069144,0.96856,0.94443,0.97529,0.7218,0.014526,0.0031494,0.0018424,0.0069904,0.0069904,0.0069904
610,0.015158,0.017142,0.0065207,0.96732,0.94513,0.97524,0.72177,0.014531,0.0031489,0.001842,0.0069854,0.0069854,0.0069854
611,0.015225,0.017045,0.0065453,0.96641,0.94524,0.97525,0.7215,0.014533,0.0031495,0.0018423,0.0069805,0.0069805,0.0069805
612,0.015031,0.01669,0.0067221,0.96942,0.94533,0.97507,0.72086,0.014534,0.0031491,0.0018383,0.0069756,0.0069756,0.0069756
613,0.014214,0.015966,0.0053055,0.92445,0.89488,0.94511,0.67279,0.016452,0.003635,0.0033681,0.070053,0.0033274,0.0033274
614,0.014406,0.015498,0.0050165,0.93708,0.90729,0.95223,0.65417,0.017811,0.0036545,0.0023141,0.039987,0.0065948,0.0065948
615,0.015004,0.016372,0.0057045,0.85788,0.82973,0.88009,0.562,0.020045,0.004255,0.0035759,0.0098552,0.0097962,0.0097962
616,0.016323,0.018147,0.0073364,0.87513,0.87684,0.92224,0.58972,0.018729,0.0043225,0.002738,0.009703,0.009703,0.009703
617,0.016633,0.018527,0.0080555,0.85392,0.84327,0.90643,0.58111,0.019915,0.0044944,0.0034659,0.009703,0.009703,0.009703
618,0.01646,0.018675,0.0081889,0.84936,0.86921,0.90502,0.58231,0.018637,0.0042975,0.0033366,0.009604,0.009604,0.009604
619,0.016552,0.018861,0.0080183,0.85621,0.8059,0.90085,0.59614,0.018803,0.0043413,0.0034108,0.009505,0.009505,0.009505
620,0.016532,0.018712,0.008427,0.90507,0.81508,0.9093,0.60777,0.017971,0.0041384,0.0049061,0.009406,0.009406,0.009406
621,0.016593,0.018719,0.0078961,0.8941,0.86113,0.91046,0.5905,0.018786,0.0040398,0.0035564,0.009307,0.009307,0.009307
622,0.016385,0.018594,0.0081057,0.8771,0.83107,0.88669,0.54101,0.019032,0.0042911,0.0032897,0.009208,0.009208,0.009208
623,0.01637,0.018405,0.0079444,0.88001,0.88568,0.92731,0.61658,0.017972,0.0041151,0.0030406,0.009109,0.009109,0.009109
624,0.016374,0.018249,0.0076763,0.9122,0.85654,0.93106,0.6333,0.0177,0.0037701,0.0031103,0.00901,0.00901,0.00901
625,0.016159,0.017989,0.0076577,0.89467,0.89101,0.93288,0.65032,0.017369,0.0039758,0.003403,0.008911,0.008911,0.008911
626,0.016073,0.017928,0.0077271,0.94068,0.88262,0.94322,0.61877,0.01809,0.003848,0.0019609,0.008812,0.008812,0.008812
627,0.016262,0.017987,0.0074968,0.93427,0.91202,0.94931,0.67242,0.017187,0.0038163,0.0027375,0.008713,0.008713,0.008713
628,0.016134,0.017896,0.0076884,0.87863,0.88404,0.93134,0.64332,0.016955,0.0038333,0.0030781,0.008614,0.008614,0.008614
629,0.015955,0.017891,0.0072623,0.89878,0.90183,0.93067,0.62705,0.017979,0.0038577,0.0027754,0.008515,0.008515,0.008515
630,0.01583,0.017824,0.0074523,0.88299,0.88875,0.92441,0.629,0.017329,0.0038895,0.002603,0.008416,0.008416,0.008416
631,0.015897,0.017742,0.0073826,0.88899,0.91124,0.94252,0.64065,0.017409,0.003774,0.0032711,0.008317,0.008317,0.008317
632,0.015774,0.017855,0.0070676,0.89104,0.91898,0.93737,0.65118,0.01713,0.003656,0.0028124,0.008218,0.008218,0.008218
633,0.015588,0.017454,0.0069727,0.95539,0.90061,0.95409,0.64781,0.017815,0.0037833,0.0023878,0.008119,0.008119,0.008119
634,0.015504,0.017313,0.0068542,0.90401,0.8933,0.93731,0.62764,0.017035,0.003863,0.0024098,0.00802,0.00802,0.00802
635,0.015699,0.017631,0.007113,0.91082,0.86067,0.91951,0.62004,0.017201,0.0039222,0.002737,0.007921,0.007921,0.007921
636,0.015565,0.01751,0.0072483,0.90152,0.8873,0.93968,0.64169,0.01724,0.0038247,0.0024543,0.007822,0.007822,0.007822
637,0.015558,0.017446,0.0068961,0.90939,0.90852,0.94551,0.63761,0.016748,0.0038293,0.0021131,0.007723,0.007723,0.007723
638,0.015371,0.017445,0.0070444,0.92123,0.90481,0.93875,0.6364,0.016795,0.003768,0.002505,0.007624,0.007624,0.007624
639,0.015416,0.017375,0.0067917,0.91239,0.87058,0.93525,0.66458,0.016946,0.0037074,0.00281,0.007525,0.007525,0.007525
640,0.015114,0.017298,0.0065906,0.89144,0.91588,0.93349,0.61589,0.017592,0.0040206,0.0023788,0.007426,0.007426,0.007426
641,0.015089,0.017068,0.0066628,0.91728,0.91187,0.94737,0.65737,0.0179,0.0036657,0.0026414,0.007327,0.007327,0.007327
642,0.01529,0.017139,0.0066748,0.92532,0.89058,0.93805,0.65796,0.017356,0.0038476,0.0021908,0.007228,0.007228,0.007228
643,0.015243,0.017173,0.006697,0.91882,0.90048,0.94736,0.64597,0.016714,0.0040567,0.002387,0.007129,0.007129,0.007129
644,0.015197,0.016989,0.0065944,0.93665,0.90777,0.94899,0.64792,0.017272,0.0037261,0.0025237,0.00703,0.00703,0.00703
645,0.015115,0.016952,0.006469,0.91737,0.91093,0.94465,0.65939,0.017294,0.0038236,0.0027871,0.006931,0.006931,0.006931
646,0.014828,0.016773,0.0063174,0.92187,0.90839,0.95251,0.6858,0.016789,0.0036399,0.0020561,0.006832,0.006832,0.006832
647,0.015101,0.016986,0.0064635,0.9277,0.91406,0.94595,0.66644,0.016459,0.0036427,0.0027887,0.006733,0.006733,0.006733
648,0.014837,0.016916,0.0062575,0.93176,0.92636,0.94471,0.6657,0.017195,0.0036912,0.0026718,0.006634,0.006634,0.006634
649,0.014799,0.016487,0.0060521,0.93872,0.91332,0.95206,0.65697,0.016408,0.0035728,0.0023467,0.006535,0.006535,0.006535
650,0.014768,0.016488,0.0065184,0.91646,0.914,0.94181,0.64843,0.017597,0.0036939,0.0029509,0.006436,0.006436,0.006436
651,0.01475,0.016837,0.006222,0.92187,0.92454,0.95169,0.63738,0.017963,0.0037256,0.0025033,0.006337,0.006337,0.006337
652,0.01476,0.016534,0.0060357,0.94857,0.92947,0.95743,0.66928,0.0174,0.0035735,0.0022656,0.006238,0.006238,0.006238
653,0.014591,0.016251,0.0062901,0.91586,0.92099,0.94543,0.65986,0.016411,0.0034909,0.002653,0.006139,0.006139,0.006139
654,0.014399,0.016206,0.0059584,0.91972,0.91469,0.93794,0.65697,0.016265,0.0035965,0.0025346,0.00604,0.00604,0.00604
655,0.014584,0.016231,0.0059054,0.93167,0.90486,0.94447,0.65485,0.016565,0.0036685,0.0027207,0.005941,0.005941,0.005941
656,0.014458,0.016243,0.005935,0.91952,0.93155,0.94819,0.66004,0.017213,0.0037289,0.0022366,0.005842,0.005842,0.005842
657,0.014377,0.016172,0.0057666,0.92576,0.92527,0.95657,0.6723,0.016405,0.0035169,0.0024426,0.005743,0.005743,0.005743
658,0.014189,0.015994,0.0057071,0.92697,0.91985,0.95437,0.66144,0.016539,0.0035406,0.0021958,0.005644,0.005644,0.005644
659,0.014337,0.016054,0.0058802,0.90603,0.94063,0.95849,0.6708,0.015784,0.003612,0.0023359,0.005545,0.005545,0.005545
660,0.014208,0.015979,0.0060752,0.94309,0.89864,0.9539,0.6761,0.01588,0.0035101,0.0022899,0.005446,0.005446,0.005446
661,0.014102,0.015825,0.0056157,0.94008,0.93518,0.96165,0.68732,0.016054,0.0033576,0.002294,0.005347,0.005347,0.005347
662,0.013988,0.015801,0.0056058,0.94355,0.94304,0.95985,0.68701,0.015641,0.0034738,0.0022489,0.005248,0.005248,0.005248
663,0.0139,0.015879,0.0055435,0.97031,0.92199,0.96571,0.6852,0.015478,0.00355,0.002236,0.005149,0.005149,0.005149
664,0.013815,0.015644,0.0054301,0.94082,0.92744,0.96199,0.67144,0.016052,0.0035224,0.0023064,0.00505,0.00505,0.00505
665,0.013891,0.015574,0.0053989,0.93042,0.94592,0.96191,0.67642,0.015771,0.0034005,0.0017871,0.004951,0.004951,0.004951
666,0.01391,0.015722,0.005466,0.93543,0.93216,0.968,0.67397,0.015659,0.0036084,0.002002,0.004852,0.004852,0.004852
667,0.013741,0.015394,0.0052609,0.94223,0.91602,0.96152,0.6713,0.015863,0.0035766,0.0020098,0.004753,0.004753,0.004753
668,0.013854,0.015459,0.005491,0.93996,0.94534,0.96653,0.6663,0.016389,0.0035456,0.002436,0.004654,0.004654,0.004654
669,0.013536,0.015339,0.0052543,0.94994,0.9421,0.97126,0.69408,0.015773,0.0034641,0.0021986,0.004555,0.004555,0.004555
670,0.013733,0.015319,0.0047418,0.9411,0.93381,0.96203,0.6691,0.016462,0.0034509,0.0021843,0.004456,0.004456,0.004456
671,0.013526,0.015143,0.0051302,0.93846,0.94299,0.96479,0.68824,0.015756,0.0033678,0.0021708,0.004357,0.004357,0.004357
672,0.013487,0.01513,0.0049995,0.94716,0.92767,0.95228,0.68557,0.015524,0.0034121,0.0025042,0.004258,0.004258,0.004258
673,0.01338,0.014955,0.0049291,0.93849,0.94768,0.96796,0.68667,0.01585,0.0034007,0.0024097,0.004159,0.004159,0.004159
674,0.013375,0.015189,0.0047244,0.94279,0.94596,0.96924,0.70296,0.015273,0.0034028,0.0021898,0.00406,0.00406,0.00406
675,0.013205,0.015085,0.0049278,0.93689,0.94589,0.96655,0.69853,0.015712,0.0033826,0.0022476,0.003961,0.003961,0.003961
676,0.013151,0.01475,0.0045799,0.93671,0.947,0.96543,0.70293,0.015479,0.0033641,0.002163,0.003862,0.003862,0.003862
677,0.013183,0.014889,0.0049044,0.93405,0.94534,0.96358,0.69605,0.015546,0.003419,0.0022876,0.003763,0.003763,0.003763
678,0.013109,0.014879,0.0049971,0.93807,0.94188,0.96214,0.693,0.015374,0.0034051,0.0026087,0.003664,0.003664,0.003664
679,0.013066,0.014637,0.0045438,0.93245,0.94424,0.96578,0.69864,0.015097,0.0033833,0.0023854,0.003565,0.003565,0.003565
680,0.012905,0.014542,0.0045096,0.9617,0.94249,0.96943,0.70787,0.014933,0.0033422,0.0025839,0.003466,0.003466,0.003466
681,0.012961,0.014693,0.0044657,0.95079,0.93962,0.9734,0.70533,0.014986,0.0033366,0.0026527,0.003367,0.003367,0.003367
682,0.012744,0.014453,0.004589,0.94218,0.95146,0.97209,0.7065,0.015002,0.0033359,0.0026987,0.003268,0.003268,0.003268
683,0.012698,0.014495,0.0044651,0.94585,0.92523,0.96613,0.70632,0.015271,0.0033717,0.0028579,0.003169,0.003169,0.003169
684,0.012644,0.014298,0.0043657,0.9581,0.92488,0.96235,0.70502,0.015368,0.0033396,0.0029459,0.00307,0.00307,0.00307
685,0.0125,0.014228,0.0044628,0.9381,0.93478,0.96358,0.69856,0.015625,0.00336,0.0028135,0.002971,0.002971,0.002971
686,0.012569,0.014242,0.0042206,0.95309,0.92615,0.96433,0.70564,0.015348,0.0033549,0.0028389,0.002872,0.002872,0.002872
687,0.012509,0.014109,0.0043338,0.94531,0.9358,0.96666,0.70812,0.015498,0.003356,0.0026728,0.002773,0.002773,0.002773
688,0.012441,0.014043,0.0042314,0.94709,0.93259,0.96852,0.71581,0.015549,0.0033337,0.0025135,0.002674,0.002674,0.002674
689,0.012269,0.013964,0.00404,0.9251,0.95704,0.97028,0.72293,0.01535,0.0032697,0.0022969,0.002575,0.002575,0.002575
690,0.012219,0.013894,0.0041147,0.93581,0.94882,0.97043,0.72286,0.01532,0.0032642,0.0023111,0.002476,0.002476,0.002476
691,0.012256,0.013923,0.0039775,0.93432,0.95378,0.96891,0.71974,0.015414,0.0033072,0.0023424,0.002377,0.002377,0.002377
692,0.012076,0.013827,0.0041812,0.93545,0.96061,0.97127,0.72198,0.01529,0.0033207,0.0022237,0.002278,0.002278,0.002278
693,0.011993,0.013766,0.0039692,0.94,0.96264,0.97312,0.72284,0.015199,0.0033009,0.0021116,0.002179,0.002179,0.002179
694,0.011995,0.013705,0.0039046,0.95926,0.9444,0.97522,0.71863,0.015137,0.0033152,0.0020797,0.00208,0.00208,0.00208
695,0.011839,0.01357,0.0039165,0.95937,0.95618,0.97454,0.72239,0.015021,0.0033134,0.002211,0.001981,0.001981,0.001981
696,0.011716,0.013504,0.0037689,0.94961,0.9608,0.97296,0.72174,0.015019,0.003311,0.002203,0.001882,0.001882,0.001882
697,0.011751,0.013413,0.0038751,0.95066,0.96053,0.97406,0.72277,0.015029,0.0033075,0.0021599,0.001783,0.001783,0.001783
698,0.01157,0.013328,0.00347,0.94509,0.96066,0.9727,0.72238,0.015008,0.0033223,0.0021393,0.001684,0.001684,0.001684
699,0.01168,0.013396,0.003617,0.95099,0.9514,0.97326,0.72078,0.014974,0.0033196,0.0021543,0.001585,0.001585,0.001585
700,0.011484,0.013221,0.0036321,0.95344,0.95096,0.97288,0.71897,0.014976,0.0033144,0.002183,0.001486,0.001486,0.001486
701,0.011376,0.012922,0.003684,0.95568,0.94976,0.97569,0.71989,0.015,0.0033216,0.0021926,0.001387,0.001387,0.001387
702,0.011189,0.012923,0.003399,0.94494,0.96041,0.97701,0.71914,0.015013,0.0033218,0.0021628,0.001288,0.001288,0.001288
703,0.011299,0.012953,0.0035725,0.94406,0.9613,0.97745,0.72259,0.014957,0.0033232,0.0021413,0.001189,0.001189,0.001189
704,0.011155,0.012915,0.0032946,0.94697,0.9585,0.97751,0.72211,0.014929,0.0033314,0.0021175,0.00109,0.00109,0.00109
705,0.011185,0.012863,0.0033755,0.94427,0.96133,0.97787,0.72204,0.014928,0.00334,0.0020892,0.000991,0.000991,0.000991
706,0.01103,0.012706,0.0032879,0.94206,0.96144,0.97765,0.72585,0.014887,0.0033401,0.002061,0.000892,0.000892,0.000892
707,0.010853,0.012718,0.0030145,0.96542,0.9418,0.97824,0.72536,0.014846,0.0033309,0.0020197,0.000793,0.000793,0.000793
708,0.010867,0.01266,0.0030844,0.94006,0.96138,0.97821,0.72334,0.01478,0.0033291,0.0020147,0.000694,0.000694,0.000694
709,0.010865,0.012545,0.0032015,0.94299,0.9585,0.97767,0.72393,0.014742,0.003326,0.0020387,0.000595,0.000595,0.000595
710,0.010683,0.012291,0.0030346,0.94418,0.95855,0.9781,0.7269,0.01474,0.0033211,0.0020585,0.000496,0.000496,0.000496
711,0.010723,0.012496,0.0031933,0.9466,0.9578,0.97752,0.72634,0.01476,0.0033257,0.0020848,0.000397,0.000397,0.000397
712,0.010569,0.012346,0.0031329,0.94766,0.96035,0.97732,0.72652,0.014771,0.003327,0.0020829,0.000298,0.000298,0.000298
